2026.07.10,00:00:00,29722.40,29741.35,29720.88,29726.32,1501,1501,0
2026.07.10,00:01:00,29726.75,29726.97,29691.29,29694.92,1617,1617,0
2026.07.10,00:02:00,29695.92,29700.82,29679.14,29692.74,1175,1175,0
2026.07.10,00:03:00,29693.08,29697.06,29680.61,29688.19,1649,1649,0
2026.07.10,00:04:00,29688.14,29702.76,29687.24,29697.42,1500,1500,0
2026.07.10,00:05:00,29698.08,29705.83,29689.35,29690.24,1440,1440,0
2026.07.10,00:06:00,29690.68,29698.90,29682.64,29692.42,2140,2140,0
2026.07.10,00:07:00,29693.70,29693.70,29659.10,29662.40,1332,1332,0
2026.07.10,00:08:00,29662.53,29682.24,29656.67,29673.63,1757,1757,0
2026.07.10,00:09:00,29672.84,29681.45,29664.17,29679.67,2623,2623,0
2026.07.10,00:10:00,29679.67,29681.33,29648.33,29650.30,1399,1399,0
2026.07.10,00:11:00,29650.08,29661.40,29648.30,29651.30,1342,1342,0
2026.07.10,00:12:00,29650.72,29666.52,29649.64,29666.52,1191,1191,0
2026.07.10,00:13:00,29666.30,29668.87,29655.53,29668.87,1181,1181,0
2026.07.10,00:14:00,29668.53,29686.51,29661.14,29684.21,1170,1170,0
2026.07.10,00:15:00,29684.30,29691.40,29675.51,29679.29,1671,1671,0
2026.07.10,00:16:00,29681.90,29682.30,29662.15,29665.00,1451,1451,0
2026.07.10,00:17:00,29665.13,29666.47,29649.65,29661.24,1934,1934,0
2026.07.10,00:18:00,29661.67,29672.58,29653.99,29661.55,1425,1425,0
2026.07.10,00:19:00,29662.02,29668.14,29657.97,29667.58,985,985,0
2026.07.10,00:20:00,29669.70,29680.33,29659.64,29661.39,979,979,0
2026.07.10,00:21:00,29661.29,29675.84,29659.07,29673.47,1264,1264,0
2026.07.10,00:22:00,29673.40,29675.10,29654.14,29654.53,1413,1413,0
2026.07.10,00:23:00,29655.22,29655.22,29633.79,29636.74,1710,1710,0
2026.07.10,00:24:00,29636.05,29636.05,29623.42,29625.80,1455,1455,0
2026.07.10,00:25:00,29626.90,29631.28,29615.52,29628.13,1787,1787,0
2026.07.10,00:26:00,29627.80,29633.57,29619.17,29633.57,1374,1374,0
2026.07.10,00:27:00,29632.30,29634.45,29621.17,29622.74,962,962,0
2026.07.10,00:28:00,29622.28,29624.71,29608.80,29614.62,1100,1100,0
2026.07.10,00:29:00,29614.03,29629.51,29613.53,29627.20,1312,1312,0
2026.07.10,00:30:00,29627.30,29632.70,29618.18,29627.58,1174,1174,0
2026.07.10,00:31:00,29626.85,29630.56,29613.74,29620.20,1165,1165,0
2026.07.10,00:32:00,29618.72,29621.45,29612.67,29620.21,1121,1121,0
2026.07.10,00:33:00,29619.67,29624.12,29598.03,29603.72,1622,1622,0
2026.07.10,00:34:00,29603.83,29607.39,29597.42,29601.24,1093,1093,0
2026.07.10,00:35:00,29601.12,29606.00,29596.67,29606.00,1430,1430,0
2026.07.10,00:36:00,29604.97,29608.96,29595.29,29608.07,1474,1474,0
2026.07.10,00:37:00,29608.97,29610.92,29594.68,29598.82,1595,1595,0
2026.07.10,00:38:00,29598.62,29606.87,29594.41,29595.90,1104,1104,0
2026.07.10,00:39:00,29596.03,29600.95,29594.52,29594.53,860,860,0
2026.07.10,00:40:00,29594.34,29607.13,29593.67,29601.42,1069,1069,0
2026.07.10,00:41:00,29601.93,29612.12,29596.74,29604.02,2119,2119,0
2026.07.10,00:42:00,29604.09,29615.45,29603.03,29613.94,1434,1434,0
2026.07.10,00:43:00,29613.28,29615.10,29606.97,29613.42,866,866,0
2026.07.10,00:44:00,29614.93,29620.50,29614.57,29617.90,713,713,0
2026.07.10,00:45:00,29618.17,29620.52,29612.26,29617.53,948,948,0
2026.07.10,00:46:00,29617.80,29621.20,29613.42,29618.53,827,827,0
2026.07.10,00:47:00,29618.51,29622.25,29613.48,29620.37,924,924,0
2026.07.10,00:48:00,29620.85,29622.30,29597.72,29599.08,1130,1130,0
2026.07.10,00:49:00,29599.58,29613.02,29598.24,29611.17,1338,1338,0
2026.07.10,00:50:00,29611.03,29614.73,29603.72,29610.81,1665,1665,0
2026.07.10,00:51:00,29610.61,29621.39,29610.28,29616.64,735,735,0
2026.07.10,00:52:00,29617.17,29625.33,29615.89,29622.14,1467,1467,0
2026.07.10,00:53:00,29622.29,29623.52,29617.24,29622.58,699,699,0
2026.07.10,00:54:00,29622.40,29625.58,29617.35,29624.64,660,660,0
2026.07.10,00:55:00,29624.80,29630.52,29621.87,29629.83,1547,1547,0
2026.07.10,00:56:00,29630.35,29644.38,29630.25,29640.84,1884,1884,0
2026.07.10,00:57:00,29641.14,29651.95,29640.42,29651.62,1212,1212,0
2026.07.10,00:58:00,29651.03,29653.01,29647.92,29648.68,748,748,0
2026.07.10,00:59:00,29648.47,29659.24,29647.53,29655.40,759,759,0
2026.07.10,01:00:00,29656.19,29659.95,29646.38,29650.21,2201,2201,0
2026.07.10,01:01:00,29652.68,29653.87,29632.50,29634.20,1272,1272,0
2026.07.10,01:02:00,29633.64,29639.29,29629.58,29631.01,2139,2139,0
2026.07.10,01:03:00,29631.12,29636.34,29625.90,29626.40,1209,1209,0
2026.07.10,01:04:00,29626.61,29631.01,29617.46,29618.45,935,935,0
2026.07.10,01:05:00,29618.31,29622.02,29614.24,29615.14,904,904,0
2026.07.10,01:06:00,29614.95,29619.84,29611.58,29616.42,842,842,0
2026.07.10,01:07:00,29617.56,29626.45,29616.64,29626.45,741,741,0
2026.07.10,01:08:00,29625.64,29632.79,29624.64,29627.30,1003,1003,0
2026.07.10,01:09:00,29627.81,29631.46,29614.39,29617.72,858,858,0
2026.07.10,01:10:00,29617.42,29618.40,29606.97,29617.14,851,851,0
2026.07.10,01:11:00,29616.92,29628.55,29611.22,29626.87,1668,1668,0
2026.07.10,01:12:00,29626.30,29639.83,29626.30,29634.76,1256,1256,0
2026.07.10,01:13:00,29634.64,29639.34,29628.39,29631.74,1292,1292,0
2026.07.10,01:14:00,29631.80,29635.59,29627.92,29633.34,891,891,0
2026.07.10,01:15:00,29632.92,29640.74,29626.42,29637.93,1038,1038,0
2026.07.10,01:16:00,29637.63,29639.62,29631.64,29638.58,959,959,0
2026.07.10,01:17:00,29639.58,29646.90,29634.22,29643.41,1969,1969,0
2026.07.10,01:18:00,29645.95,29649.67,29638.92,29642.91,1789,1789,0
2026.07.10,01:19:00,29642.57,29651.49,29639.80,29649.80,1958,1958,0
2026.07.10,01:20:00,29650.03,29654.83,29649.54,29649.54,741,741,0
2026.07.10,01:21:00,29649.63,29650.10,29642.03,29644.29,699,699,0
2026.07.10,01:22:00,29644.08,29654.58,29638.53,29653.80,761,761,0
2026.07.10,01:23:00,29653.68,29662.05,29649.60,29660.41,627,627,0
2026.07.10,01:24:00,29660.35,29665.12,29659.47,29662.34,721,721,0
2026.07.10,01:25:00,29662.62,29664.33,29657.53,29659.91,644,644,0
2026.07.10,01:26:00,29659.79,29660.51,29642.47,29645.80,818,818,0
2026.07.10,01:27:00,29644.95,29654.33,29640.35,29653.56,719,719,0
2026.07.10,01:28:00,29652.92,29655.43,29648.29,29655.43,607,607,0
2026.07.10,01:29:00,29655.08,29657.71,29649.72,29657.14,695,695,0
2026.07.10,01:30:00,29657.71,29660.90,29642.90,29659.03,1119,1119,0
2026.07.10,01:31:00,29659.75,29666.43,29658.24,29665.30,891,891,0
2026.07.10,01:32:00,29664.47,29666.51,29657.42,29661.91,1708,1708,0
2026.07.10,01:33:00,29665.34,29670.22,29662.64,29668.53,2154,2154,0
2026.07.10,01:34:00,29668.42,29675.22,29664.42,29668.65,1264,1264,0
2026.07.10,01:35:00,29668.58,29671.83,29659.65,29663.28,1145,1145,0
2026.07.10,01:36:00,29663.34,29674.58,29662.03,29669.53,833,833,0
2026.07.10,01:37:00,29669.15,29676.77,29667.58,29673.03,723,723,0
2026.07.10,01:38:00,29673.72,29678.99,29668.81,29678.95,1815,1815,0
2026.07.10,01:39:00,29678.58,29691.45,29678.24,29687.09,912,912,0
2026.07.10,01:40:00,29687.92,29688.94,29679.53,29683.01,849,849,0
2026.07.10,01:41:00,29682.79,29683.45,29674.21,29677.02,1309,1309,0
2026.07.10,01:42:00,29679.28,29685.90,29675.40,29677.33,2165,2165,0
2026.07.10,01:43:00,29676.05,29680.57,29673.29,29679.42,825,825,0
2026.07.10,01:44:00,29679.29,29680.74,29674.30,29674.30,759,759,0
2026.07.10,01:45:00,29675.02,29679.14,29670.42,29675.45,921,921,0
2026.07.10,01:46:00,29675.38,29683.50,29674.53,29681.80,899,899,0
2026.07.10,01:47:00,29681.42,29698.72,29679.17,29697.14,1156,1156,0
2026.07.10,01:48:00,29697.01,29708.34,29694.39,29707.53,1172,1172,0
2026.07.10,01:49:00,29707.14,29707.97,29703.96,29705.31,734,734,0
2026.07.10,01:50:00,29705.42,29709.63,29698.89,29704.30,768,768,0
2026.07.10,01:51:00,29705.15,29711.96,29701.79,29707.58,668,668,0
2026.07.10,01:52:00,29708.14,29708.14,29691.52,29693.45,739,739,0
2026.07.10,01:53:00,29693.32,29696.84,29689.39,29695.15,704,704,0
2026.07.10,01:54:00,29694.39,29694.97,29688.42,29691.05,684,684,0
2026.07.10,01:55:00,29690.80,29696.70,29685.60,29690.01,1546,1546,0
2026.07.10,01:56:00,29687.20,29694.37,29684.84,29692.35,1410,1410,0
2026.07.10,01:57:00,29692.41,29699.42,29690.85,29695.53,948,948,0
2026.07.10,01:58:00,29695.63,29695.65,29687.47,29688.27,769,769,0
2026.07.10,01:59:00,29688.13,29689.68,29678.92,29681.64,706,706,0
2026.07.10,02:00:00,29683.38,29684.33,29659.86,29662.30,1248,1248,0
2026.07.10,02:01:00,29662.88,29670.08,29659.40,29662.51,930,930,0
2026.07.10,02:02:00,29662.41,29668.01,29654.86,29664.89,2183,2183,0
2026.07.10,02:03:00,29664.90,29674.63,29662.61,29670.75,1073,1073,0
2026.07.10,02:04:00,29670.70,29676.62,29668.58,29674.01,1181,1181,0
2026.07.10,02:05:00,29676.62,29678.21,29669.32,29673.21,1713,1713,0
2026.07.10,02:06:00,29672.92,29674.89,29667.62,29673.65,1686,1686,0
2026.07.10,02:07:00,29673.68,29681.33,29664.92,29677.32,1520,1520,0
2026.07.10,02:08:00,29680.02,29691.33,29675.79,29686.49,912,912,0
2026.07.10,02:09:00,29686.58,29688.64,29677.80,29685.79,805,805,0
2026.07.10,02:10:00,29685.92,29686.45,29676.91,29681.81,853,853,0
2026.07.10,02:11:00,29682.37,29683.29,29669.74,29670.60,991,991,0
2026.07.10,02:12:00,29670.30,29674.43,29667.42,29672.85,717,717,0
2026.07.10,02:13:00,29672.91,29678.13,29667.47,29667.53,858,858,0
2026.07.10,02:14:00,29667.92,29671.15,29661.97,29669.87,1269,1269,0
2026.07.10,02:15:00,29669.76,29671.08,29661.74,29662.42,873,873,0
2026.07.10,02:16:00,29662.95,29662.95,29649.62,29651.42,853,853,0
2026.07.10,02:17:00,29651.97,29657.09,29647.81,29648.20,1664,1664,0
2026.07.10,02:18:00,29648.31,29657.13,29647.91,29654.85,1825,1825,0
2026.07.10,02:19:00,29654.42,29665.54,29654.18,29663.45,2126,2126,0
2026.07.10,02:20:00,29663.40,29668.30,29656.44,29658.88,844,844,0
2026.07.10,02:21:00,29658.24,29663.70,29656.41,29658.05,880,880,0
2026.07.10,02:22:00,29657.79,29658.58,29645.74,29647.10,842,842,0
2026.07.10,02:23:00,29646.39,29653.83,29643.40,29653.10,919,919,0
2026.07.10,02:24:00,29652.42,29659.02,29652.42,29658.08,781,781,0
2026.07.10,02:25:00,29658.14,29667.70,29656.08,29667.03,778,778,0
2026.07.10,02:26:00,29667.65,29673.92,29666.52,29670.41,739,739,0
2026.07.10,02:27:00,29670.22,29670.99,29661.85,29662.96,825,825,0
2026.07.10,02:28:00,29662.47,29669.70,29660.97,29661.90,1326,1326,0
2026.07.10,02:29:00,29661.96,29673.45,29661.85,29671.97,704,704,0
2026.07.10,02:30:00,29671.80,29678.05,29663.53,29677.33,1190,1190,0
2026.07.10,02:31:00,29676.80,29685.07,29675.53,29683.08,677,677,0
2026.07.10,02:32:00,29682.96,29685.45,29680.14,29683.26,534,534,0
2026.07.10,02:33:00,29683.30,29687.45,29677.71,29679.76,1451,1451,0
2026.07.10,02:34:00,29680.04,29686.94,29678.80,29686.30,844,844,0
2026.07.10,02:35:00,29686.47,29691.34,29680.30,29680.47,1337,1337,0
2026.07.10,02:36:00,29681.27,29685.70,29680.28,29684.03,561,561,0
2026.07.10,02:37:00,29683.58,29686.79,29678.31,29683.39,1295,1295,0
2026.07.10,02:38:00,29683.01,29692.08,29679.10,29692.08,1338,1338,0
2026.07.10,02:39:00,29691.58,29699.19,29691.14,29694.55,764,764,0
2026.07.10,02:40:00,29694.63,29700.29,29693.13,29700.29,2070,2070,0
2026.07.10,02:41:00,29697.35,29705.14,29696.88,29701.03,1739,1739,0
2026.07.10,02:42:00,29701.83,29703.45,29698.46,29701.14,457,457,0
2026.07.10,02:43:00,29700.35,29703.20,29696.46,29697.65,508,508,0
2026.07.10,02:44:00,29696.96,29699.26,29694.41,29697.70,497,497,0
2026.07.10,02:45:00,29697.63,29700.18,29692.08,29698.95,519,519,0
2026.07.10,02:46:00,29698.93,29699.95,29691.47,29695.85,506,506,0
2026.07.10,02:47:00,29696.37,29716.84,29693.89,29715.85,1431,1431,0
2026.07.10,02:48:00,29716.40,29719.45,29710.36,29713.08,611,611,0
2026.07.10,02:49:00,29713.42,29720.63,29711.97,29718.58,523,523,0
2026.07.10,02:50:00,29718.02,29723.49,29716.80,29722.51,567,567,0
2026.07.10,02:51:00,29721.97,29736.45,29721.97,29733.10,675,675,0
2026.07.10,02:52:00,29732.53,29736.50,29730.27,29736.18,558,558,0
2026.07.10,02:53:00,29735.67,29737.74,29733.14,29734.58,510,510,0
2026.07.10,02:54:00,29733.74,29734.10,29723.74,29724.92,495,495,0
2026.07.10,02:55:00,29725.30,29734.00,29724.53,29732.24,543,543,0
2026.07.10,02:56:00,29732.30,29736.38,29726.21,29733.80,696,696,0
2026.07.10,02:57:00,29734.07,29734.07,29730.42,29731.80,519,519,0
2026.07.10,02:58:00,29732.70,29734.17,29729.88,29731.31,543,543,0
2026.07.10,02:59:00,29731.06,29741.30,29727.70,29740.74,1580,1580,0
2026.07.10,03:00:00,29740.53,29741.40,29732.47,29732.53,801,801,0
2026.07.10,03:01:00,29733.05,29740.90,29730.82,29737.40,2131,2131,0
2026.07.10,03:02:00,29737.25,29742.13,29735.79,29741.08,1523,1523,0
2026.07.10,03:03:00,29741.20,29748.08,29739.85,29747.45,488,488,0
2026.07.10,03:04:00,29747.10,29748.08,29739.30,29739.62,740,740,0
2026.07.10,03:05:00,29739.54,29743.17,29735.85,29739.71,1948,1948,0
2026.07.10,03:06:00,29739.82,29745.67,29738.53,29745.40,1765,1765,0
2026.07.10,03:07:00,29742.59,29751.95,29742.04,29746.81,2043,2043,0
2026.07.10,03:08:00,29746.52,29749.90,29741.08,29741.11,2010,2010,0
2026.07.10,03:09:00,29741.24,29745.40,29738.02,29738.59,1724,1724,0
2026.07.10,03:10:00,29738.74,29743.15,29731.58,29733.29,1437,1437,0
2026.07.10,03:11:00,29733.67,29737.95,29732.64,29735.58,433,433,0
2026.07.10,03:12:00,29736.33,29736.74,29731.30,29731.80,424,424,0
2026.07.10,03:13:00,29731.53,29734.58,29730.24,29734.51,338,338,0
2026.07.10,03:14:00,29734.76,29736.90,29731.59,29734.11,1368,1368,0
2026.07.10,03:15:00,29733.82,29736.51,29729.90,29732.65,1470,1470,0
2026.07.10,03:16:00,29732.35,29735.17,29730.80,29732.42,509,509,0
2026.07.10,03:17:00,29733.15,29738.84,29732.08,29737.30,391,391,0
2026.07.10,03:18:00,29737.11,29740.39,29733.92,29733.92,470,470,0
2026.07.10,03:19:00,29734.02,29734.83,29727.31,29732.58,411,411,0
2026.07.10,03:20:00,29732.17,29733.83,29728.47,29731.07,510,510,0
2026.07.10,03:21:00,29731.55,29734.70,29726.40,29726.89,848,848,0
2026.07.10,03:22:00,29726.95,29730.22,29725.02,29729.33,495,495,0
2026.07.10,03:23:00,29729.25,29729.25,29725.35,29728.42,400,400,0
2026.07.10,03:24:00,29729.32,29729.32,29712.80,29715.29,1287,1287,0
2026.07.10,03:25:00,29715.20,29720.18,29711.81,29717.81,1925,1925,0
2026.07.10,03:26:00,29718.30,29721.84,29710.13,29710.25,1791,1791,0
2026.07.10,03:27:00,29710.58,29718.78,29710.58,29714.24,1862,1862,0
2026.07.10,03:28:00,29714.35,29718.93,29713.85,29718.58,509,509,0
2026.07.10,03:29:00,29718.09,29718.95,29711.30,29713.24,512,512,0
2026.07.10,03:30:00,29713.08,29718.68,29707.17,29716.64,930,930,0
2026.07.10,03:31:00,29717.56,29722.24,29708.91,29711.30,794,794,0
2026.07.10,03:32:00,29710.97,29717.06,29710.34,29714.09,655,655,0
2026.07.10,03:33:00,29714.39,29716.89,29711.64,29713.87,585,585,0
2026.07.10,03:34:00,29713.94,29718.69,29710.92,29717.83,508,508,0
2026.07.10,03:35:00,29717.94,29719.70,29713.14,29717.97,664,664,0
2026.07.10,03:36:00,29718.14,29718.76,29706.78,29707.58,1970,1970,0
2026.07.10,03:37:00,29707.80,29712.85,29703.63,29712.85,2267,2267,0
2026.07.10,03:38:00,29712.03,29715.97,29710.57,29714.79,684,684,0
2026.07.10,03:39:00,29715.15,29717.58,29709.95,29715.14,589,589,0
2026.07.10,03:40:00,29715.58,29721.33,29715.24,29720.83,567,567,0
2026.07.10,03:41:00,29720.30,29720.70,29708.53,29713.15,462,462,0
2026.07.10,03:42:00,29713.02,29718.29,29710.52,29712.79,1585,1585,0
2026.07.10,03:43:00,29715.05,29715.12,29709.04,29712.53,1594,1594,0
2026.07.10,03:44:00,29712.29,29715.70,29710.53,29713.80,453,453,0
2026.07.10,03:45:00,29714.34,29714.34,29709.30,29711.06,580,580,0
2026.07.10,03:46:00,29710.80,29712.15,29703.03,29706.80,649,649,0
2026.07.10,03:47:00,29706.74,29711.29,29702.39,29708.23,878,878,0
2026.07.10,03:48:00,29708.11,29710.90,29706.92,29707.47,691,691,0
2026.07.10,03:49:00,29707.64,29712.58,29704.14,29708.92,501,501,0
2026.07.10,03:50:00,29709.08,29715.70,29706.80,29713.38,629,629,0
2026.07.10,03:51:00,29713.14,29714.09,29702.89,29702.89,585,585,0
2026.07.10,03:52:00,29702.57,29708.93,29701.35,29707.70,609,609,0
2026.07.10,03:53:00,29706.97,29709.20,29703.35,29704.14,499,499,0
2026.07.10,03:54:00,29704.08,29707.95,29703.45,29705.87,519,519,0
2026.07.10,03:55:00,29706.20,29708.21,29704.42,29707.58,640,640,0
2026.07.10,03:56:00,29708.55,29711.17,29703.29,29707.42,569,569,0
2026.07.10,03:57:00,29707.92,29709.83,29704.53,29709.53,473,473,0
2026.07.10,03:58:00,29709.47,29722.75,29709.22,29719.80,572,572,0
2026.07.10,03:59:00,29719.74,29722.45,29716.80,29722.10,422,422,0
2026.07.10,04:00:00,29723.08,29725.08,29715.80,29718.92,589,589,0
2026.07.10,04:01:00,29718.81,29719.12,29712.75,29716.02,1549,1549,0
2026.07.10,04:02:00,29716.62,29722.51,29712.42,29721.64,598,598,0
2026.07.10,04:03:00,29721.58,29724.72,29719.05,29720.90,1150,1150,0
2026.07.10,04:04:00,29720.71,29730.63,29720.17,29730.02,1099,1099,0
2026.07.10,04:05:00,29729.91,29731.63,29725.08,29731.63,589,589,0
2026.07.10,04:06:00,29731.77,29731.77,29725.29,29726.70,466,466,0
2026.07.10,04:07:00,29725.85,29731.83,29725.53,29727.42,497,497,0
2026.07.10,04:08:00,29726.97,29729.74,29724.46,29727.60,468,468,0
2026.07.10,04:09:00,29727.03,29727.62,29721.64,29724.05,583,583,0
2026.07.10,04:10:00,29724.08,29728.97,29722.42,29726.64,459,459,0
2026.07.10,04:11:00,29727.57,29734.99,29726.74,29730.30,457,457,0
2026.07.10,04:12:00,29730.14,29734.72,29728.03,29734.13,757,757,0
2026.07.10,04:13:00,29733.41,29733.95,29728.89,29733.22,446,446,0
2026.07.10,04:14:00,29733.29,29737.96,29731.80,29735.80,466,466,0
2026.07.10,04:15:00,29735.74,29737.95,29723.89,29726.24,688,688,0
2026.07.10,04:16:00,29726.42,29731.01,29724.21,29727.58,1276,1276,0
2026.07.10,04:17:00,29727.74,29732.29,29726.73,29726.81,1903,1903,0
2026.07.10,04:18:00,29726.75,29730.99,29725.74,29729.45,895,895,0
2026.07.10,04:19:00,29728.92,29733.33,29727.42,29732.42,572,572,0
2026.07.10,04:20:00,29733.19,29734.88,29727.85,29728.85,402,402,0
2026.07.10,04:21:00,29728.79,29729.83,29713.35,29713.35,671,671,0
2026.07.10,04:22:00,29714.09,29718.45,29713.03,29717.53,616,616,0
2026.07.10,04:23:00,29718.42,29718.42,29713.17,29715.58,580,580,0
2026.07.10,04:24:00,29715.62,29717.33,29707.92,29710.33,499,499,0
2026.07.10,04:25:00,29709.91,29713.33,29706.64,29713.07,572,572,0
2026.07.10,04:26:00,29712.51,29716.18,29709.52,29714.80,532,532,0
2026.07.10,04:27:00,29714.58,29717.52,29713.42,29716.52,497,497,0
2026.07.10,04:28:00,29717.27,29720.20,29716.24,29719.42,499,499,0
2026.07.10,04:29:00,29719.33,29719.70,29714.80,29716.74,525,525,0
2026.07.10,04:30:00,29717.81,29718.90,29712.53,29715.80,693,693,0
2026.07.10,04:31:00,29715.92,29716.95,29704.69,29705.24,952,952,0
2026.07.10,04:32:00,29705.32,29708.90,29700.71,29702.90,1887,1887,0
2026.07.10,04:33:00,29702.81,29705.29,29695.53,29700.14,882,882,0
2026.07.10,04:34:00,29700.42,29701.83,29695.09,29697.61,433,433,0
2026.07.10,04:35:00,29697.74,29703.12,29696.08,29702.93,1065,1065,0
2026.07.10,04:36:00,29703.12,29704.34,29697.70,29698.64,455,455,0
2026.07.10,04:37:00,29698.92,29702.77,29698.46,29699.95,387,387,0
2026.07.10,04:38:00,29699.40,29704.81,29695.64,29701.80,451,451,0
2026.07.10,04:39:00,29702.34,29709.57,29700.79,29705.30,580,580,0
2026.07.10,04:40:00,29705.41,29709.65,29703.42,29708.02,567,567,0
2026.07.10,04:41:00,29707.30,29712.08,29704.58,29707.64,587,587,0
2026.07.10,04:42:00,29707.67,29709.60,29701.71,29704.91,1007,1007,0
2026.07.10,04:43:00,29705.03,29709.58,29701.62,29704.29,590,590,0
2026.07.10,04:44:00,29704.57,29707.45,29703.64,29705.07,501,501,0
2026.07.10,04:45:00,29704.91,29707.08,29691.36,29692.81,691,691,0
2026.07.10,04:46:00,29693.05,29699.58,29693.05,29696.25,638,638,0
2026.07.10,04:47:00,29695.64,29705.70,29693.45,29704.14,453,453,0
2026.07.10,04:48:00,29704.76,29706.83,29697.14,29697.55,525,525,0
2026.07.10,04:49:00,29696.83,29701.08,29692.91,29692.91,629,629,0
2026.07.10,04:50:00,29692.47,29693.20,29684.33,29688.03,1795,1795,0
2026.07.10,04:51:00,29687.35,29690.01,29684.82,29688.08,1541,1541,0
2026.07.10,04:52:00,29687.42,29688.19,29681.74,29683.80,550,550,0
2026.07.10,04:53:00,29683.74,29685.08,29675.80,29676.42,1334,1334,0
2026.07.10,04:54:00,29675.17,29680.90,29671.33,29678.53,2397,2397,0
2026.07.10,04:55:00,29678.65,29688.37,29676.24,29686.03,754,754,0
2026.07.10,04:56:00,29686.63,29688.08,29671.92,29671.92,770,770,0
2026.07.10,04:57:00,29672.47,29673.67,29664.90,29666.94,732,732,0
2026.07.10,04:58:00,29667.26,29672.58,29665.80,29670.80,708,708,0
2026.07.10,04:59:00,29670.62,29672.69,29666.80,29672.19,664,664,0
2026.07.10,05:00:00,29672.14,29675.17,29661.42,29667.58,1455,1455,0
2026.07.10,05:01:00,29668.06,29669.83,29661.30,29666.52,1017,1017,0
2026.07.10,05:02:00,29666.85,29669.90,29659.90,29664.88,2001,2001,0
2026.07.10,05:03:00,29665.53,29668.05,29657.42,29659.74,1022,1022,0
2026.07.10,05:04:00,29659.67,29664.21,29658.30,29662.07,671,671,0
2026.07.10,05:05:00,29662.74,29669.68,29660.79,29665.42,756,756,0
2026.07.10,05:06:00,29665.23,29670.10,29664.92,29666.62,543,543,0
2026.07.10,05:07:00,29666.58,29670.20,29664.53,29667.92,580,580,0
2026.07.10,05:08:00,29668.03,29668.32,29653.54,29654.61,1172,1172,0
2026.07.10,05:09:00,29656.95,29659.40,29652.71,29656.96,2446,2446,0
2026.07.10,05:10:00,29656.90,29668.38,29656.29,29668.07,767,767,0
2026.07.10,05:11:00,29667.51,29669.76,29662.80,29667.95,704,704,0
2026.07.10,05:12:00,29668.08,29672.49,29666.30,29670.90,682,682,0
2026.07.10,05:13:00,29671.02,29673.64,29668.35,29671.20,545,545,0
2026.07.10,05:14:00,29671.03,29674.83,29667.97,29671.92,613,613,0
2026.07.10,05:15:00,29671.22,29686.40,29667.90,29683.42,924,924,0
2026.07.10,05:16:00,29683.17,29685.60,29675.95,29677.64,710,710,0
2026.07.10,05:17:00,29677.02,29678.62,29669.14,29674.89,644,644,0
2026.07.10,05:18:00,29675.14,29677.02,29669.14,29672.12,620,620,0
2026.07.10,05:19:00,29672.32,29679.83,29670.30,29676.06,635,635,0
2026.07.10,05:20:00,29675.42,29675.83,29664.54,29674.80,709,709,0
2026.07.10,05:21:00,29674.15,29676.68,29664.47,29665.40,699,699,0
2026.07.10,05:22:00,29665.68,29667.46,29658.74,29665.42,1326,1326,0
2026.07.10,05:23:00,29665.74,29667.34,29661.40,29662.02,556,556,0
2026.07.10,05:24:00,29662.58,29666.60,29659.36,29664.31,1641,1641,0
2026.07.10,05:25:00,29664.67,29670.40,29662.61,29666.24,2233,2233,0
2026.07.10,05:26:00,29666.33,29669.52,29660.89,29663.28,1884,1884,0
2026.07.10,05:27:00,29660.25,29664.88,29658.79,29659.41,679,679,0
2026.07.10,05:28:00,29659.30,29667.20,29658.05,29661.87,1094,1094,0
2026.07.10,05:29:00,29661.80,29671.40,29659.08,29666.20,1804,1804,0
2026.07.10,05:30:00,29665.54,29668.24,29654.47,29655.70,816,816,0
2026.07.10,05:31:00,29656.39,29663.33,29652.53,29659.35,679,679,0
2026.07.10,05:32:00,29659.59,29668.42,29658.72,29666.95,730,730,0
2026.07.10,05:33:00,29666.35,29668.47,29661.30,29661.71,587,587,0
2026.07.10,05:34:00,29662.31,29666.89,29660.74,29665.64,536,536,0
2026.07.10,05:35:00,29666.65,29670.52,29663.08,29664.60,495,495,0
2026.07.10,05:36:00,29664.30,29670.22,29660.07,29668.33,552,552,0
2026.07.10,05:37:00,29668.45,29668.68,29654.80,29655.85,514,514,0
2026.07.10,05:38:00,29656.58,29660.08,29651.25,29655.32,651,651,0
2026.07.10,05:39:00,29655.50,29656.75,29651.92,29652.71,466,466,0
2026.07.10,05:40:00,29652.83,29663.07,29650.20,29659.84,875,875,0
2026.07.10,05:41:00,29659.12,29659.55,29648.34,29653.74,949,949,0
2026.07.10,05:42:00,29653.14,29655.17,29641.35,29653.42,1057,1057,0
2026.07.10,05:43:00,29656.02,29659.75,29649.85,29658.03,1007,1007,0
2026.07.10,05:44:00,29657.84,29664.70,29656.08,29664.14,633,633,0
2026.07.10,05:45:00,29664.02,29664.95,29655.57,29662.02,684,684,0
2026.07.10,05:46:00,29662.14,29663.87,29655.80,29657.14,627,627,0
2026.07.10,05:47:00,29657.74,29659.95,29655.30,29658.65,609,609,0
2026.07.10,05:48:00,29658.03,29662.32,29658.03,29659.72,618,618,0
2026.07.10,05:49:00,29658.76,29660.58,29647.09,29649.12,748,748,0
2026.07.10,05:50:00,29649.21,29654.81,29648.14,29649.46,620,620,0
2026.07.10,05:51:00,29649.69,29660.52,29649.02,29659.95,776,776,0
2026.07.10,05:52:00,29659.81,29662.17,29650.11,29652.08,2073,2073,0
2026.07.10,05:53:00,29651.80,29652.33,29645.53,29645.53,660,660,0
2026.07.10,05:54:00,29646.50,29648.87,29642.74,29643.42,581,581,0
2026.07.10,05:55:00,29642.80,29645.20,29640.90,29643.80,688,688,0
2026.07.10,05:56:00,29644.35,29644.35,29630.39,29639.14,702,702,0
2026.07.10,05:57:00,29639.74,29641.95,29632.24,29634.53,1011,1011,0
2026.07.10,05:58:00,29634.95,29636.05,29628.81,29633.35,1823,1823,0
2026.07.10,05:59:00,29633.03,29635.77,29629.40,29634.74,682,682,0
2026.07.10,06:00:00,29634.80,29643.82,29628.33,29640.79,1964,1964,0
2026.07.10,06:01:00,29640.74,29645.72,29629.53,29629.53,2853,2853,0
2026.07.10,06:02:00,29628.82,29641.14,29628.76,29640.08,1633,1633,0
2026.07.10,06:03:00,29640.71,29641.08,29630.35,29635.29,1984,1984,0
2026.07.10,06:04:00,29632.69,29642.29,29628.35,29637.21,2713,2713,0
2026.07.10,06:05:00,29636.83,29644.38,29628.10,29629.89,2133,2133,0
2026.07.10,06:06:00,29629.65,29633.49,29617.62,29620.35,2119,2119,0
2026.07.10,06:07:00,29620.61,29628.08,29619.22,29622.83,1939,1939,0
2026.07.10,06:08:00,29622.62,29636.72,29619.31,29633.64,2304,2304,0
2026.07.10,06:09:00,29634.32,29634.51,29620.03,29622.83,1476,1476,0
2026.07.10,06:10:00,29622.22,29623.77,29616.14,29619.91,1570,1570,0
2026.07.10,06:11:00,29619.99,29621.70,29610.60,29618.68,1458,1458,0
2026.07.10,06:12:00,29618.51,29621.62,29609.41,29612.53,1296,1296,0
2026.07.10,06:13:00,29612.64,29617.56,29612.08,29615.71,1417,1417,0
2026.07.10,06:14:00,29615.42,29618.58,29612.55,29615.33,1323,1323,0
2026.07.10,06:15:00,29615.39,29619.90,29609.51,29612.58,1480,1480,0
2026.07.10,06:16:00,29612.08,29615.29,29607.32,29607.62,2236,2236,0
2026.07.10,06:17:00,29607.83,29614.20,29605.55,29605.79,1660,1660,0
2026.07.10,06:18:00,29605.92,29609.72,29604.22,29608.45,1660,1660,0
2026.07.10,06:19:00,29608.58,29609.07,29599.65,29602.65,1827,1827,0
2026.07.10,06:20:00,29602.54,29606.20,29595.02,29602.80,1669,1669,0
2026.07.10,06:21:00,29602.64,29603.50,29580.35,29582.97,1854,1854,0
2026.07.10,06:22:00,29583.08,29587.14,29578.05,29581.58,1980,1980,0
2026.07.10,06:23:00,29581.64,29583.72,29573.80,29578.03,1669,1669,0
2026.07.10,06:24:00,29577.78,29579.57,29569.53,29570.67,1597,1597,0
2026.07.10,06:25:00,29571.01,29571.99,29563.82,29570.40,1957,1957,0
2026.07.10,06:26:00,29570.60,29581.58,29567.85,29580.92,2092,2092,0
2026.07.10,06:27:00,29580.78,29582.83,29575.05,29578.29,1300,1300,0
2026.07.10,06:28:00,29578.08,29578.45,29570.30,29577.14,1476,1476,0
2026.07.10,06:29:00,29576.17,29581.88,29574.59,29578.78,1674,1674,0
2026.07.10,06:30:00,29578.83,29608.45,29572.15,29607.47,2232,2232,0
2026.07.10,06:31:00,29607.97,29611.97,29603.53,29610.67,1494,1494,0
2026.07.10,06:32:00,29609.92,29611.97,29605.79,29609.62,1930,1930,0
2026.07.10,06:33:00,29609.22,29620.38,29608.79,29616.64,1899,1899,0
2026.07.10,06:34:00,29616.45,29617.52,29601.07,29601.56,2178,2178,0
2026.07.10,06:35:00,29601.81,29604.59,29596.91,29602.95,1273,1273,0
2026.07.10,06:36:00,29602.57,29603.32,29591.28,29594.74,1476,1476,0
2026.07.10,06:37:00,29594.58,29597.58,29589.28,29597.42,1170,1170,0
2026.07.10,06:38:00,29596.79,29601.27,29586.35,29587.37,1466,1466,0
2026.07.10,06:39:00,29587.27,29587.49,29574.12,29583.41,1521,1521,0
2026.07.10,06:40:00,29584.07,29588.79,29580.33,29587.05,1260,1260,0
2026.07.10,06:41:00,29587.25,29589.22,29581.85,29585.72,1165,1165,0
2026.07.10,06:42:00,29585.88,29601.65,29584.66,29600.58,1759,1759,0
2026.07.10,06:43:00,29600.03,29608.34,29595.64,29604.41,1161,1161,0
2026.07.10,06:44:00,29604.95,29608.47,29603.03,29603.80,818,818,0
2026.07.10,06:45:00,29603.64,29610.08,29602.41,29607.37,1282,1282,0
2026.07.10,06:46:00,29607.60,29610.17,29604.86,29605.92,1395,1395,0
2026.07.10,06:47:00,29606.14,29607.38,29599.84,29606.72,1017,1017,0
2026.07.10,06:48:00,29606.89,29610.35,29605.11,29609.14,972,972,0
2026.07.10,06:49:00,29609.25,29611.05,29605.90,29607.90,963,963,0
2026.07.10,06:50:00,29607.31,29614.51,29607.15,29611.92,1422,1422,0
2026.07.10,06:51:00,29611.85,29618.97,29610.40,29617.51,827,827,0
2026.07.10,06:52:00,29617.42,29621.38,29614.80,29620.63,1026,1026,0
2026.07.10,06:53:00,29620.95,29621.52,29614.52,29615.30,702,702,0
2026.07.10,06:54:00,29614.92,29616.51,29612.89,29615.53,684,684,0
2026.07.10,06:55:00,29615.42,29615.42,29605.96,29607.94,958,958,0
2026.07.10,06:56:00,29607.87,29611.79,29605.92,29609.83,598,598,0
2026.07.10,06:57:00,29609.82,29618.29,29609.80,29615.26,1084,1084,0
2026.07.10,06:58:00,29618.17,29618.21,29613.84,29615.03,940,940,0
2026.07.10,06:59:00,29614.97,29620.70,29604.78,29605.88,1341,1341,0
2026.07.10,07:00:00,29608.40,29609.67,29592.42,29595.53,2065,2065,0
2026.07.10,07:01:00,29596.15,29600.84,29590.82,29598.92,2569,2569,0
2026.07.10,07:02:00,29599.02,29601.09,29590.41,29600.64,1723,1723,0
2026.07.10,07:03:00,29601.58,29604.05,29593.68,29602.26,1440,1440,0
2026.07.10,07:04:00,29605.22,29611.90,29602.26,29610.01,1750,1750,0
2026.07.10,07:05:00,29607.19,29614.51,29606.64,29613.10,1813,1813,0
2026.07.10,07:06:00,29612.92,29613.08,29603.08,29605.64,1462,1462,0
2026.07.10,07:07:00,29606.70,29609.89,29599.02,29599.80,1687,1687,0
2026.07.10,07:08:00,29599.92,29602.01,29587.55,29587.80,1048,1048,0
2026.07.10,07:09:00,29587.92,29594.64,29587.30,29592.42,1278,1278,0
2026.07.10,07:10:00,29592.35,29595.15,29584.91,29592.83,1395,1395,0
2026.07.10,07:11:00,29592.07,29594.87,29587.74,29590.84,1305,1305,0
2026.07.10,07:12:00,29590.85,29602.51,29590.57,29593.64,1314,1314,0
2026.07.10,07:13:00,29593.17,29600.06,29588.35,29593.08,1381,1381,0
2026.07.10,07:14:00,29592.35,29602.95,29589.30,29602.30,1246,1246,0
2026.07.10,07:15:00,29602.17,29603.06,29580.32,29582.80,1611,1611,0
2026.07.10,07:16:00,29582.55,29595.29,29578.25,29592.67,2034,2034,0
2026.07.10,07:17:00,29592.80,29612.40,29591.84,29609.75,1584,1584,0
2026.07.10,07:18:00,29612.34,29614.12,29598.66,29603.35,1957,1957,0
2026.07.10,07:19:00,29603.64,29607.20,29590.21,29592.67,1476,1476,0
2026.07.10,07:20:00,29592.76,29598.17,29589.63,29590.92,2353,2353,0
2026.07.10,07:21:00,29591.52,29596.38,29587.14,29596.38,1273,1273,0
2026.07.10,07:22:00,29595.72,29595.96,29588.42,29589.00,891,891,0
2026.07.10,07:23:00,29588.64,29592.90,29583.63,29589.86,1705,1705,0
2026.07.10,07:24:00,29590.40,29606.42,29588.88,29602.79,1264,1264,0
2026.07.10,07:25:00,29602.85,29609.70,29598.23,29605.74,1111,1111,0
2026.07.10,07:26:00,29606.18,29607.77,29598.65,29603.64,1552,1552,0
2026.07.10,07:27:00,29603.85,29606.82,29592.39,29597.53,1242,1242,0
2026.07.10,07:28:00,29597.64,29603.46,29593.49,29602.53,1066,1066,0
2026.07.10,07:29:00,29603.24,29607.40,29598.60,29605.26,1255,1255,0
2026.07.10,07:30:00,29604.49,29607.29,29600.30,29604.80,1413,1413,0
2026.07.10,07:31:00,29604.74,29605.58,29596.49,29601.43,1246,1246,0
2026.07.10,07:32:00,29601.89,29605.07,29601.03,29603.34,945,945,0
2026.07.10,07:33:00,29601.19,29605.10,29594.80,29595.35,985,985,0
2026.07.10,07:34:00,29595.24,29600.72,29591.18,29595.28,1584,1584,0
2026.07.10,07:35:00,29595.42,29601.40,29595.42,29599.30,1102,1102,0
2026.07.10,07:36:00,29599.42,29600.02,29592.10,29594.97,927,927,0
2026.07.10,07:37:00,29594.68,29595.51,29588.80,29591.75,1539,1539,0
2026.07.10,07:38:00,29592.70,29596.20,29589.42,29595.35,1107,1107,0
2026.07.10,07:39:00,29595.29,29600.31,29592.67,29597.55,1223,1223,0
2026.07.10,07:40:00,29597.42,29597.42,29588.19,29592.92,1341,1341,0
2026.07.10,07:41:00,29593.24,29594.75,29584.05,29584.83,1494,1494,0
2026.07.10,07:42:00,29585.10,29590.11,29584.79,29586.83,1237,1237,0
2026.07.10,07:43:00,29585.62,29589.73,29581.20,29584.64,1593,1593,0
2026.07.10,07:44:00,29584.47,29590.35,29584.47,29586.47,891,891,0
2026.07.10,07:45:00,29586.14,29588.83,29575.80,29577.20,1516,1516,0
2026.07.10,07:46:00,29576.41,29581.85,29574.58,29576.52,1026,1026,0
2026.07.10,07:47:00,29576.58,29578.45,29570.80,29578.25,1305,1305,0
2026.07.10,07:48:00,29577.68,29578.96,29571.80,29578.94,1066,1066,0
2026.07.10,07:49:00,29578.40,29580.64,29573.42,29579.92,1318,1318,0
2026.07.10,07:50:00,29578.92,29582.52,29577.64,29582.21,1120,1120,0
2026.07.10,07:51:00,29581.95,29584.88,29573.14,29576.15,1300,1300,0
2026.07.10,07:52:00,29576.45,29578.20,29569.30,29569.30,1107,1107,0
2026.07.10,07:53:00,29569.87,29573.68,29562.01,29562.64,1260,1260,0
2026.07.10,07:54:00,29562.22,29565.27,29555.80,29558.14,1183,1183,0
2026.07.10,07:55:00,29558.89,29561.83,29554.95,29555.58,1116,1116,0
2026.07.10,07:56:00,29556.60,29558.15,29552.74,29553.85,850,850,0
2026.07.10,07:57:00,29553.90,29558.06,29550.69,29556.64,1071,1071,0
2026.07.10,07:58:00,29556.57,29565.70,29555.24,29563.08,1125,1125,0
2026.07.10,07:59:00,29560.99,29565.80,29559.23,29563.33,945,945,0
2026.07.10,08:00:00,29562.62,29572.24,29557.33,29562.53,2277,2277,0
2026.07.10,08:01:00,29563.90,29572.83,29550.07,29551.89,2083,2083,0
2026.07.10,08:02:00,29552.14,29555.24,29540.55,29546.49,2529,2529,0
2026.07.10,08:03:00,29548.90,29552.58,29538.55,29551.30,2385,2385,0
2026.07.10,08:04:00,29551.14,29554.09,29543.80,29545.91,1750,1750,0
2026.07.10,08:05:00,29546.03,29548.95,29534.42,29536.72,1926,1926,0
2026.07.10,08:06:00,29536.42,29540.75,29532.53,29533.52,1854,1854,0
2026.07.10,08:07:00,29534.57,29551.76,29534.02,29550.58,2052,2052,0
2026.07.10,08:08:00,29549.80,29567.45,29547.80,29566.67,1777,1777,0
2026.07.10,08:09:00,29566.42,29572.20,29560.52,29571.47,2061,2061,0
2026.07.10,08:10:00,29571.96,29586.70,29571.57,29581.38,1773,1773,0
2026.07.10,08:11:00,29580.85,29582.65,29573.30,29575.35,1327,1327,0
2026.07.10,08:12:00,29576.12,29577.35,29568.79,29573.01,1426,1426,0
2026.07.10,08:13:00,29572.95,29578.13,29567.23,29578.13,1354,1354,0
2026.07.10,08:14:00,29578.59,29589.02,29574.64,29585.30,1471,1471,0
2026.07.10,08:15:00,29586.08,29593.08,29581.89,29590.92,1408,1408,0
2026.07.10,08:16:00,29591.18,29592.62,29580.66,29586.83,1984,1984,0
2026.07.10,08:17:00,29586.39,29591.45,29580.01,29586.02,1237,1237,0
2026.07.10,08:18:00,29585.80,29585.99,29576.58,29577.68,1210,1210,0
2026.07.10,08:19:00,29578.10,29582.01,29573.83,29576.15,1831,1831,0
2026.07.10,08:20:00,29579.17,29579.17,29569.84,29570.24,1386,1386,0
2026.07.10,08:21:00,29570.29,29571.70,29553.10,29557.39,1808,1808,0
2026.07.10,08:22:00,29556.85,29557.76,29547.46,29548.29,1521,1521,0
2026.07.10,08:23:00,29548.64,29556.51,29545.01,29556.14,1710,1710,0
2026.07.10,08:24:00,29556.88,29561.20,29552.58,29554.52,1255,1255,0
2026.07.10,08:25:00,29554.42,29566.68,29553.08,29562.80,1669,1669,0
2026.07.10,08:26:00,29562.59,29569.46,29558.62,29561.62,1615,1615,0
2026.07.10,08:27:00,29561.42,29561.42,29553.32,29557.31,1687,1687,0
2026.07.10,08:28:00,29560.22,29564.01,29557.59,29562.60,1134,1134,0
2026.07.10,08:29:00,29561.89,29562.95,29553.18,29554.22,1615,1615,0
2026.07.10,08:30:00,29554.35,29558.29,29545.13,29545.45,1998,1998,0
2026.07.10,08:31:00,29544.92,29554.70,29540.31,29554.30,1606,1606,0
2026.07.10,08:32:00,29554.24,29559.93,29549.35,29557.90,1444,1444,0
2026.07.10,08:33:00,29557.80,29561.90,29552.61,29552.61,1912,1912,0
2026.07.10,08:34:00,29553.07,29561.29,29552.12,29561.22,1741,1741,0
2026.07.10,08:35:00,29558.28,29570.45,29558.28,29567.35,1534,1534,0
2026.07.10,08:36:00,29567.29,29567.84,29556.42,29560.18,1458,1458,0
2026.07.10,08:37:00,29559.96,29560.80,29552.54,29552.65,1588,1588,0
2026.07.10,08:38:00,29553.06,29570.51,29552.11,29567.53,2538,2538,0
2026.07.10,08:39:00,29569.79,29573.67,29565.73,29567.91,2115,2115,0
2026.07.10,08:40:00,29567.80,29568.37,29547.85,29554.53,1224,1224,0
2026.07.10,08:41:00,29555.33,29557.45,29549.90,29554.41,976,976,0
2026.07.10,08:42:00,29554.74,29561.77,29551.81,29553.71,1341,1341,0
2026.07.10,08:43:00,29553.58,29565.21,29549.66,29565.21,1615,1615,0
2026.07.10,08:44:00,29564.35,29574.52,29564.35,29574.52,1593,1593,0
2026.07.10,08:45:00,29573.97,29574.94,29565.81,29571.53,1525,1525,0
2026.07.10,08:46:00,29571.80,29578.34,29569.87,29575.13,2101,2101,0
2026.07.10,08:47:00,29577.72,29582.65,29572.53,29573.58,1948,1948,0
2026.07.10,08:48:00,29573.33,29581.52,29572.39,29579.90,1696,1696,0
2026.07.10,08:49:00,29580.12,29584.51,29579.11,29582.12,2106,2106,0
2026.07.10,08:50:00,29579.60,29584.01,29571.72,29577.89,1359,1359,0
2026.07.10,08:51:00,29577.76,29578.62,29569.85,29573.15,1246,1246,0
2026.07.10,08:52:00,29572.65,29587.88,29571.40,29583.80,1386,1386,0
2026.07.10,08:53:00,29583.53,29584.17,29567.58,29568.53,1669,1669,0
2026.07.10,08:54:00,29569.95,29575.70,29569.77,29571.92,1003,1003,0
2026.07.10,08:55:00,29572.08,29577.45,29567.10,29567.28,1363,1363,0
2026.07.10,08:56:00,29567.59,29572.90,29564.11,29569.50,1993,1993,0
2026.07.10,08:57:00,29571.90,29571.90,29563.42,29566.03,1089,1089,0
2026.07.10,08:58:00,29566.45,29567.27,29560.53,29564.71,1201,1201,0
2026.07.10,08:59:00,29564.22,29568.29,29561.86,29562.64,1485,1485,0
2026.07.10,09:00:00,29562.95,29572.47,29557.30,29563.95,1728,1728,0
2026.07.10,09:01:00,29561.52,29561.83,29507.90,29525.63,2629,2629,0
2026.07.10,09:02:00,29525.44,29548.90,29521.13,29543.80,2241,2241,0
2026.07.10,09:03:00,29542.83,29555.99,29542.03,29553.60,2034,2034,0
2026.07.10,09:04:00,29555.05,29557.88,29546.31,29557.58,1629,1629,0
2026.07.10,09:05:00,29556.80,29565.95,29556.30,29562.40,1453,1453,0
2026.07.10,09:06:00,29562.30,29567.34,29556.40,29559.34,1368,1368,0
2026.07.10,09:07:00,29559.57,29560.58,29552.81,29557.10,1156,1156,0
2026.07.10,09:08:00,29557.45,29561.26,29550.36,29558.30,1228,1228,0
2026.07.10,09:09:00,29558.24,29567.47,29557.85,29565.89,1741,1741,0
2026.07.10,09:10:00,29565.64,29569.34,29561.36,29563.90,1854,1854,0
2026.07.10,09:11:00,29564.15,29579.33,29564.15,29577.88,1287,1287,0
2026.07.10,09:12:00,29577.35,29581.87,29575.11,29580.83,1008,1008,0
2026.07.10,09:13:00,29580.29,29584.67,29577.80,29583.64,1228,1228,0
2026.07.10,09:14:00,29583.72,29589.95,29581.83,29585.52,1359,1359,0
2026.07.10,09:15:00,29582.66,29600.97,29582.66,29598.64,2070,2070,0
2026.07.10,09:16:00,29599.20,29599.20,29591.37,29593.64,1161,1161,0
2026.07.10,09:17:00,29593.96,29601.63,29591.80,29601.03,1143,1143,0
2026.07.10,09:18:00,29601.01,29602.46,29599.53,29601.42,1030,1030,0
2026.07.10,09:19:00,29602.05,29605.52,29598.56,29604.42,1498,1498,0
2026.07.10,09:20:00,29604.60,29606.19,29594.40,29595.70,1300,1300,0
2026.07.10,09:21:00,29595.83,29595.83,29590.34,29592.06,1075,1075,0
2026.07.10,09:22:00,29592.00,29595.79,29587.40,29592.42,1066,1066,0
2026.07.10,09:23:00,29592.97,29593.21,29587.87,29590.74,985,985,0
2026.07.10,09:24:00,29591.08,29596.25,29589.96,29595.58,756,756,0
2026.07.10,09:25:00,29595.21,29597.62,29592.75,29595.57,1192,1192,0
2026.07.10,09:26:00,29596.17,29599.45,29593.58,29597.15,1309,1309,0
2026.07.10,09:27:00,29599.79,29606.58,29597.05,29605.14,1192,1192,0
2026.07.10,09:28:00,29605.01,29605.83,29598.85,29599.47,1021,1021,0
2026.07.10,09:29:00,29599.33,29602.93,29596.64,29601.58,787,787,0
2026.07.10,09:30:00,29600.72,29601.17,29594.02,29597.33,1008,1008,0
2026.07.10,09:31:00,29597.45,29603.20,29596.35,29602.13,1147,1147,0
2026.07.10,09:32:00,29602.33,29611.62,29601.74,29611.00,1111,1111,0
2026.07.10,09:33:00,29611.09,29611.38,29606.61,29609.64,1836,1836,0
2026.07.10,09:34:00,29609.78,29614.33,29608.68,29613.42,890,890,0
2026.07.10,09:35:00,29613.30,29614.44,29608.80,29611.64,1012,1012,0
2026.07.10,09:36:00,29611.80,29612.83,29600.02,29600.54,980,980,0
2026.07.10,09:37:00,29601.29,29609.45,29597.11,29608.62,1354,1354,0
2026.07.10,09:38:00,29607.96,29614.40,29606.90,29611.49,1732,1732,0
2026.07.10,09:39:00,29611.24,29616.95,29609.80,29615.45,1098,1098,0
2026.07.10,09:40:00,29615.30,29616.44,29609.16,29610.51,1048,1048,0
2026.07.10,09:41:00,29609.92,29611.51,29605.10,29607.12,1138,1138,0
2026.07.10,09:42:00,29607.52,29614.68,29605.71,29606.49,1165,1165,0
2026.07.10,09:43:00,29606.08,29606.42,29599.95,29604.76,954,954,0
2026.07.10,09:44:00,29603.92,29607.33,29601.42,29606.42,859,859,0
2026.07.10,09:45:00,29606.29,29615.45,29604.04,29615.31,1453,1453,0
2026.07.10,09:46:00,29615.59,29616.58,29608.83,29609.41,1039,1039,0
2026.07.10,09:47:00,29609.31,29615.84,29607.20,29611.83,1655,1655,0
2026.07.10,09:48:00,29611.83,29611.83,29599.72,29601.11,1480,1480,0
2026.07.10,09:49:00,29601.17,29606.20,29597.42,29598.92,1233,1233,0
2026.07.10,09:50:00,29598.53,29603.69,29598.53,29600.30,1192,1192,0
2026.07.10,09:51:00,29601.45,29605.13,29599.09,29600.80,1287,1287,0
2026.07.10,09:52:00,29601.05,29601.85,29593.27,29594.80,1210,1210,0
2026.07.10,09:53:00,29594.79,29601.20,29592.55,29595.47,1219,1219,0
2026.07.10,09:54:00,29596.02,29596.90,29593.32,29595.87,841,841,0
2026.07.10,09:55:00,29595.53,29598.66,29587.68,29595.72,1467,1467,0
2026.07.10,09:56:00,29595.40,29603.67,29592.88,29599.44,1651,1651,0
2026.07.10,09:57:00,29598.51,29609.70,29598.22,29609.70,1188,1188,0
2026.07.10,09:58:00,29609.41,29610.20,29605.58,29608.03,837,837,0
2026.07.10,09:59:00,29607.91,29609.29,29603.49,29604.83,1120,1120,0
2026.07.10,10:00:00,29604.68,29619.02,29604.68,29618.22,1350,1350,0
2026.07.10,10:01:00,29617.85,29618.64,29613.42,29614.82,1210,1210,0
2026.07.10,10:02:00,29617.17,29625.15,29612.37,29624.32,1521,1521,0
2026.07.10,10:03:00,29624.62,29627.39,29620.22,29620.92,1746,1746,0
2026.07.10,10:04:00,29620.85,29624.35,29619.14,29619.92,1089,1089,0
2026.07.10,10:05:00,29619.62,29630.15,29618.96,29630.15,895,895,0
2026.07.10,10:06:00,29629.58,29631.00,29622.53,29624.83,994,994,0
2026.07.10,10:07:00,29623.80,29625.33,29619.15,29620.42,886,886,0
2026.07.10,10:08:00,29620.02,29622.52,29617.81,29621.67,850,850,0
2026.07.10,10:09:00,29621.24,29628.65,29619.53,29624.67,1228,1228,0
2026.07.10,10:10:00,29624.55,29628.01,29620.05,29624.29,1602,1602,0
2026.07.10,10:11:00,29624.64,29627.27,29618.30,29619.87,936,936,0
2026.07.10,10:12:00,29619.93,29625.83,29617.03,29622.12,787,787,0
2026.07.10,10:13:00,29621.42,29624.08,29619.42,29622.80,724,724,0
2026.07.10,10:14:00,29622.68,29625.19,29621.24,29622.46,855,855,0
2026.07.10,10:15:00,29623.20,29625.83,29621.42,29622.14,688,688,0
2026.07.10,10:16:00,29622.03,29625.58,29619.12,29620.20,1044,1044,0
2026.07.10,10:17:00,29619.42,29620.24,29615.51,29619.02,909,909,0
2026.07.10,10:18:00,29619.59,29619.74,29614.91,29615.91,711,711,0
2026.07.10,10:19:00,29616.02,29618.33,29612.68,29615.75,702,702,0
2026.07.10,10:20:00,29615.18,29618.96,29612.85,29618.47,751,751,0
2026.07.10,10:21:00,29619.50,29622.79,29612.85,29619.90,1584,1584,0
2026.07.10,10:22:00,29619.71,29627.91,29597.29,29608.71,1453,1453,0
2026.07.10,10:23:00,29608.87,29613.64,29604.80,29612.42,1156,1156,0
2026.07.10,10:24:00,29612.58,29617.95,29610.92,29617.85,1093,1093,0
2026.07.10,10:25:00,29617.94,29619.88,29612.53,29613.15,909,909,0
2026.07.10,10:26:00,29612.67,29613.95,29607.85,29612.92,742,742,0
2026.07.10,10:27:00,29613.63,29621.40,29612.35,29620.42,801,801,0
2026.07.10,10:28:00,29620.52,29622.79,29613.19,29616.56,1503,1503,0
2026.07.10,10:29:00,29619.73,29626.29,29617.20,29624.34,1530,1530,0
2026.07.10,10:30:00,29627.29,29635.95,29624.34,29634.82,1507,1507,0
2026.07.10,10:31:00,29634.53,29640.21,29631.24,29631.42,1179,1179,0
2026.07.10,10:32:00,29631.17,29637.35,29626.88,29637.01,1039,1039,0
2026.07.10,10:33:00,29637.19,29644.24,29635.29,29643.26,1408,1408,0
2026.07.10,10:34:00,29643.34,29645.33,29640.42,29643.20,963,963,0
2026.07.10,10:35:00,29643.33,29643.76,29637.64,29638.80,810,810,0
2026.07.10,10:36:00,29638.90,29644.64,29632.15,29636.85,841,841,0
2026.07.10,10:37:00,29637.10,29641.01,29635.41,29637.70,891,891,0
2026.07.10,10:38:00,29637.81,29642.42,29636.61,29639.33,1440,1440,0
2026.07.10,10:39:00,29639.20,29643.18,29636.85,29637.94,1746,1746,0
2026.07.10,10:40:00,29638.13,29642.14,29636.11,29637.30,1107,1107,0
2026.07.10,10:41:00,29637.47,29641.24,29632.87,29633.63,913,913,0
2026.07.10,10:42:00,29633.30,29644.14,29633.02,29642.42,940,940,0
2026.07.10,10:43:00,29642.14,29647.87,29640.30,29644.52,958,958,0
2026.07.10,10:44:00,29643.92,29650.52,29641.53,29648.12,1390,1390,0
2026.07.10,10:45:00,29648.13,29650.67,29638.64,29639.80,1723,1723,0
2026.07.10,10:46:00,29641.77,29642.62,29636.19,29637.15,1372,1372,0
2026.07.10,10:47:00,29639.09,29641.90,29635.11,29638.18,1750,1750,0
2026.07.10,10:48:00,29638.49,29641.95,29632.52,29632.52,1170,1170,0
2026.07.10,10:49:00,29633.47,29634.02,29630.24,29632.32,913,913,0
2026.07.10,10:50:00,29632.22,29633.57,29629.47,29630.30,814,814,0
2026.07.10,10:51:00,29630.64,29634.95,29628.67,29630.53,936,936,0
2026.07.10,10:52:00,29630.47,29632.40,29622.42,29629.38,1552,1552,0
2026.07.10,10:53:00,29628.80,29632.32,29628.30,29628.35,864,864,0
2026.07.10,10:54:00,29628.41,29628.57,29624.02,29625.80,1048,1048,0
2026.07.10,10:55:00,29626.13,29630.72,29623.80,29630.30,886,886,0
2026.07.10,10:56:00,29631.45,29637.10,29630.14,29635.97,958,958,0
2026.07.10,10:57:00,29636.42,29641.17,29636.30,29637.18,891,891,0
2026.07.10,10:58:00,29637.27,29642.20,29635.74,29640.53,706,706,0
2026.07.10,10:59:00,29640.88,29641.53,29635.13,29636.86,1174,1174,0
2026.07.10,11:00:00,29639.52,29653.88,29636.29,29645.21,2169,2169,0
2026.07.10,11:01:00,29645.68,29655.33,29644.87,29654.30,1480,1480,0
2026.07.10,11:02:00,29654.47,29659.70,29652.36,29657.53,1264,1264,0
2026.07.10,11:03:00,29658.22,29662.15,29654.11,29660.67,1291,1291,0
2026.07.10,11:04:00,29660.36,29664.08,29658.53,29663.64,1251,1251,0
2026.07.10,11:05:00,29664.17,29664.17,29655.03,29659.35,1282,1282,0
2026.07.10,11:06:00,29660.20,29666.40,29656.29,29656.29,1530,1530,0
2026.07.10,11:07:00,29656.83,29658.39,29652.40,29656.67,1165,1165,0
2026.07.10,11:08:00,29657.65,29661.21,29651.66,29660.95,1084,1084,0
2026.07.10,11:09:00,29660.47,29661.45,29653.34,29653.87,994,994,0
2026.07.10,11:10:00,29654.23,29657.50,29649.67,29652.91,1143,1143,0
2026.07.10,11:11:00,29652.74,29664.20,29652.11,29662.68,1134,1134,0
2026.07.10,11:12:00,29663.08,29663.58,29656.59,29657.39,1345,1345,0
2026.07.10,11:13:00,29657.52,29660.51,29652.51,29656.52,1894,1894,0
2026.07.10,11:14:00,29656.35,29664.49,29654.85,29664.08,976,976,0
2026.07.10,11:15:00,29664.62,29671.81,29663.97,29671.14,1282,1282,0
2026.07.10,11:16:00,29671.94,29675.92,29671.02,29671.35,985,985,0
2026.07.10,11:17:00,29671.82,29675.95,29671.14,29672.08,1048,1048,0
2026.07.10,11:18:00,29671.97,29673.59,29669.29,29672.80,1147,1147,0
2026.07.10,11:19:00,29673.47,29673.47,29669.80,29670.46,1053,1053,0
2026.07.10,11:20:00,29670.83,29672.58,29667.85,29668.65,918,918,0
2026.07.10,11:21:00,29668.42,29670.18,29664.58,29666.58,1251,1251,0
2026.07.10,11:22:00,29669.40,29673.90,29664.78,29670.73,1773,1773,0
2026.07.10,11:23:00,29673.17,29676.12,29669.71,29672.72,1989,1989,0
2026.07.10,11:24:00,29672.75,29675.88,29669.82,29674.35,1107,1107,0
2026.07.10,11:25:00,29675.89,29675.89,29658.53,29658.53,1430,1430,0
2026.07.10,11:26:00,29658.64,29658.64,29640.51,29640.84,1993,1993,0
2026.07.10,11:27:00,29641.10,29654.01,29640.92,29650.11,2182,2182,0
2026.07.10,11:28:00,29650.20,29654.45,29649.14,29649.51,1129,1129,0
2026.07.10,11:29:00,29649.42,29651.40,29637.90,29641.08,1291,1291,0
2026.07.10,11:30:00,29641.57,29641.57,29618.58,29623.80,1866,1866,0
2026.07.10,11:31:00,29624.34,29626.08,29615.64,29619.08,1534,1534,0
2026.07.10,11:32:00,29619.76,29628.95,29618.74,29625.45,1557,1557,0
2026.07.10,11:33:00,29625.59,29628.95,29616.39,29617.62,1287,1287,0
2026.07.10,11:34:00,29617.61,29627.67,29610.60,29624.11,1935,1935,0
2026.07.10,11:35:00,29626.67,29629.58,29615.88,29619.53,1867,1867,0
2026.07.10,11:36:00,29619.85,29621.63,29615.30,29615.92,1408,1408,0
2026.07.10,11:37:00,29615.85,29617.95,29609.71,29616.33,1327,1327,0
2026.07.10,11:38:00,29615.08,29621.08,29603.14,29603.94,1422,1422,0
2026.07.10,11:39:00,29603.42,29612.45,29600.60,29608.58,1530,1530,0
2026.07.10,11:40:00,29609.65,29614.29,29606.17,29612.92,1543,1543,0
2026.07.10,11:41:00,29612.74,29622.97,29607.91,29622.39,1961,1961,0
2026.07.10,11:42:00,29622.44,29626.40,29619.80,29622.73,1741,1741,0
2026.07.10,11:43:00,29623.11,29627.40,29621.82,29622.85,1831,1831,0
2026.07.10,11:44:00,29623.14,29630.21,29621.36,29625.67,1575,1575,0
2026.07.10,11:45:00,29623.01,29630.67,29613.53,29627.30,2083,2083,0
2026.07.10,11:46:00,29627.58,29632.46,29616.34,29619.31,1525,1525,0
2026.07.10,11:47:00,29619.22,29626.89,29617.81,29624.35,1372,1372,0
2026.07.10,11:48:00,29623.79,29625.95,29619.82,29622.42,931,931,0
2026.07.10,11:49:00,29621.85,29625.87,29612.92,29615.90,1048,1048,0
2026.07.10,11:50:00,29614.90,29620.82,29613.30,29616.03,1170,1170,0
2026.07.10,11:51:00,29616.58,29622.51,29614.69,29621.42,1462,1462,0
2026.07.10,11:52:00,29621.51,29628.45,29620.41,29620.85,1021,1021,0
2026.07.10,11:53:00,29620.33,29623.45,29614.79,29620.33,1174,1174,0
2026.07.10,11:54:00,29620.01,29620.89,29606.79,29606.95,1287,1287,0
2026.07.10,11:55:00,29607.08,29616.49,29606.62,29615.58,1125,1125,0
2026.07.10,11:56:00,29615.47,29616.83,29598.40,29601.82,1507,1507,0
2026.07.10,11:57:00,29601.94,29603.88,29596.92,29600.37,1395,1395,0
2026.07.10,11:58:00,29600.62,29603.38,29596.35,29602.52,1273,1273,0
2026.07.10,11:59:00,29601.97,29605.80,29599.92,29601.34,1089,1089,0
2026.07.10,12:00:00,29601.62,29607.55,29595.29,29604.56,2929,2929,0
2026.07.10,12:01:00,29603.78,29609.60,29601.97,29605.20,2583,2583,0
2026.07.10,12:02:00,29605.19,29607.75,29578.80,29582.13,2673,2673,0
2026.07.10,12:03:00,29581.57,29586.63,29580.17,29583.85,3402,3402,0
2026.07.10,12:04:00,29582.72,29584.33,29571.51,29573.08,3258,3258,0
2026.07.10,12:05:00,29572.49,29576.01,29559.22,29572.90,3843,3843,0
2026.07.10,12:06:00,29572.80,29580.01,29571.02,29578.93,3195,3195,0
2026.07.10,12:07:00,29579.12,29580.33,29567.59,29573.21,3617,3617,0
2026.07.10,12:08:00,29572.79,29573.45,29559.53,29563.62,2781,2781,0
2026.07.10,12:09:00,29563.30,29582.34,29562.74,29578.32,2790,2790,0
2026.07.10,12:10:00,29581.29,29584.33,29575.85,29582.20,2718,2718,0
2026.07.10,12:11:00,29582.33,29585.30,29576.74,29578.30,2520,2520,0
2026.07.10,12:12:00,29578.89,29580.65,29571.54,29579.95,2961,2961,0
2026.07.10,12:13:00,29578.62,29664.34,29566.55,29662.11,3330,3330,0
2026.07.10,12:14:00,29661.89,29664.06,29619.01,29634.40,6579,6579,0
2026.07.10,12:15:00,29634.36,29638.30,29620.40,29623.37,5058,5058,0
2026.07.10,12:16:00,29623.45,29629.27,29614.73,29616.79,4302,4302,0
2026.07.10,12:17:00,29617.71,29637.75,29612.72,29632.52,4410,4410,0
2026.07.10,12:18:00,29632.63,29633.19,29614.74,29624.58,4284,4284,0
2026.07.10,12:19:00,29623.77,29625.02,29614.19,29624.80,3375,3375,0
2026.07.10,12:20:00,29625.00,29632.20,29619.28,29631.30,3375,3375,0
2026.07.10,12:21:00,29631.01,29635.46,29618.28,29620.53,3168,3168,0
2026.07.10,12:22:00,29620.85,29627.20,29615.16,29623.58,2889,2889,0
2026.07.10,12:23:00,29622.90,29625.96,29614.10,29625.91,2934,2934,0
2026.07.10,12:24:00,29625.66,29636.74,29625.40,29632.28,2979,2979,0
2026.07.10,12:25:00,29632.03,29638.46,29626.84,29630.67,2583,2583,0
2026.07.10,12:26:00,29630.64,29640.51,29626.67,29639.85,2556,2556,0
2026.07.10,12:27:00,29639.79,29643.63,29635.81,29641.27,2880,2880,0
2026.07.10,12:28:00,29641.14,29646.52,29638.15,29643.30,1602,1602,0
2026.07.10,12:29:00,29643.08,29643.08,29635.22,29640.34,1665,1665,0
2026.07.10,12:30:00,29640.50,29641.52,29626.21,29626.63,3051,3051,0
2026.07.10,12:31:00,29629.45,29640.02,29626.72,29640.02,3096,3096,0
2026.07.10,12:32:00,29639.80,29642.93,29625.55,29626.53,2826,2826,0
2026.07.10,12:33:00,29626.64,29640.40,29624.53,29637.79,3078,3078,0
2026.07.10,12:34:00,29640.40,29641.40,29631.08,29631.41,3006,3006,0
2026.07.10,12:35:00,29632.15,29633.20,29611.75,29622.53,3617,3617,0
2026.07.10,12:36:00,29622.37,29624.12,29617.17,29621.52,2880,2880,0
2026.07.10,12:37:00,29621.64,29622.30,29609.21,29612.34,2884,2884,0
2026.07.10,12:38:00,29612.60,29624.08,29609.11,29620.36,2871,2871,0
2026.07.10,12:39:00,29620.23,29647.77,29620.23,29646.51,3941,3941,0
2026.07.10,12:40:00,29645.97,29649.35,29638.37,29642.03,3807,3807,0
2026.07.10,12:41:00,29641.67,29641.67,29620.34,29621.64,3357,3357,0
2026.07.10,12:42:00,29621.74,29627.79,29619.49,29624.24,3284,3284,0
2026.07.10,12:43:00,29624.03,29629.49,29614.86,29628.14,3339,3339,0
2026.07.10,12:44:00,29627.79,29628.49,29611.14,29613.08,3456,3456,0
2026.07.10,12:45:00,29613.58,29624.25,29613.35,29618.85,3123,3123,0
2026.07.10,12:46:00,29618.92,29620.02,29605.54,29610.56,3302,3302,0
2026.07.10,12:47:00,29610.71,29621.51,29610.71,29614.03,2871,2871,0
2026.07.10,12:48:00,29613.85,29630.45,29610.90,29623.02,2943,2943,0
2026.07.10,12:49:00,29622.30,29622.99,29606.92,29614.80,3195,3195,0
2026.07.10,12:50:00,29615.71,29618.35,29611.90,29616.74,2502,2502,0
2026.07.10,12:51:00,29615.96,29620.89,29610.63,29618.90,2718,2718,0
2026.07.10,12:52:00,29619.45,29623.40,29614.40,29617.45,3087,3087,0
2026.07.10,12:53:00,29617.57,29621.58,29606.31,29615.79,2943,2943,0
2026.07.10,12:54:00,29613.22,29619.02,29608.80,29610.03,2925,2925,0
2026.07.10,12:55:00,29610.68,29624.57,29609.01,29620.17,3177,3177,0
2026.07.10,12:56:00,29619.45,29620.95,29615.23,29618.74,2655,2655,0
2026.07.10,12:57:00,29618.53,29619.01,29601.01,29602.91,3087,3087,0
2026.07.10,12:58:00,29603.20,29603.34,29594.14,29597.70,3590,3590,0
2026.07.10,12:59:00,29597.24,29601.15,29589.30,29589.42,3204,3204,0
2026.07.10,13:00:00,29589.35,29598.50,29585.62,29594.92,3941,3941,0
2026.07.10,13:01:00,29595.30,29602.20,29591.80,29601.44,3393,3393,0
2026.07.10,13:02:00,29602.60,29607.52,29596.77,29599.64,3420,3420,0
2026.07.10,13:03:00,29599.57,29601.17,29581.80,29582.95,3896,3896,0
2026.07.10,13:04:00,29582.24,29594.02,29580.74,29594.02,3042,3042,0
2026.07.10,13:05:00,29593.40,29604.33,29592.90,29601.92,3393,3393,0
2026.07.10,13:06:00,29602.10,29611.38,29594.46,29611.38,3483,3483,0
2026.07.10,13:07:00,29610.79,29615.71,29598.74,29599.47,4032,4032,0
2026.07.10,13:08:00,29600.44,29604.58,29592.03,29594.80,3357,3357,0
2026.07.10,13:09:00,29595.52,29596.70,29590.29,29593.44,2916,2916,0
2026.07.10,13:10:00,29592.65,29600.70,29588.30,29593.46,3905,3905,0
2026.07.10,13:11:00,29592.96,29592.97,29578.55,29581.67,3465,3465,0
2026.07.10,13:12:00,29578.59,29600.20,29577.81,29597.30,2943,2943,0
2026.07.10,13:13:00,29597.02,29600.58,29595.53,29599.40,2484,2484,0
2026.07.10,13:14:00,29599.37,29602.06,29595.25,29598.20,2412,2412,0
2026.07.10,13:15:00,29598.26,29602.59,29595.13,29598.03,2763,2763,0
2026.07.10,13:16:00,29597.89,29604.67,29591.41,29595.45,3213,3213,0
2026.07.10,13:17:00,29594.51,29603.05,29594.22,29600.62,2493,2493,0
2026.07.10,13:18:00,29600.41,29603.33,29597.03,29602.20,3051,3051,0
2026.07.10,13:19:00,29602.14,29613.93,29597.53,29608.70,3096,3096,0
2026.07.10,13:20:00,29608.17,29616.38,29608.12,29612.64,3105,3105,0
2026.07.10,13:21:00,29613.34,29619.02,29607.83,29608.32,3222,3222,0
2026.07.10,13:22:00,29608.01,29616.79,29606.29,29613.29,2439,2439,0
2026.07.10,13:23:00,29613.14,29624.12,29611.33,29621.89,3284,3284,0
2026.07.10,13:24:00,29621.30,29622.65,29611.74,29617.02,2961,2961,0
2026.07.10,13:25:00,29618.08,29640.01,29615.04,29633.10,4428,4428,0
2026.07.10,13:26:00,29632.30,29639.70,29626.80,29627.42,3789,3789,0
2026.07.10,13:27:00,29626.97,29626.97,29599.02,29606.47,4725,4725,0
2026.07.10,13:28:00,29607.19,29611.87,29599.95,29603.64,4455,4455,0
2026.07.10,13:29:00,29603.85,29626.73,29601.01,29625.20,4032,4032,0
2026.07.10,13:30:00,29624.50,29664.77,29602.08,29664.77,5371,5371,0
2026.07.10,13:31:00,29663.70,29681.89,29644.58,29672.25,5873,5873,0
2026.07.10,13:32:00,29672.63,29704.92,29656.23,29701.96,5216,5216,0
2026.07.10,13:33:00,29702.20,29711.44,29683.18,29695.71,6064,6064,0
2026.07.10,13:34:00,29695.22,29704.78,29687.25,29692.43,5060,5060,0
2026.07.10,13:35:00,29692.71,29715.29,29686.92,29688.02,5308,5308,0
2026.07.10,13:36:00,29688.44,29722.62,29670.43,29710.90,5459,5459,0
2026.07.10,13:37:00,29711.38,29726.58,29691.01,29691.01,5247,5247,0
2026.07.10,13:38:00,29688.34,29698.02,29677.70,29683.26,5198,5198,0
2026.07.10,13:39:00,29683.64,29688.81,29646.47,29654.31,5112,5112,0
2026.07.10,13:40:00,29653.58,29657.10,29588.18,29595.89,5524,5524,0
2026.07.10,13:41:00,29595.12,29634.94,29589.26,29617.99,5532,5532,0
2026.07.10,13:42:00,29617.71,29661.26,29612.50,29654.01,5486,5486,0
2026.07.10,13:43:00,29654.60,29658.45,29621.52,29658.09,5466,5466,0
2026.07.10,13:44:00,29658.17,29663.95,29638.19,29645.45,5464,5464,0
2026.07.10,13:45:00,29645.37,29677.36,29644.17,29663.95,5809,5809,0
2026.07.10,13:46:00,29664.26,29710.15,29654.94,29699.38,5312,5312,0
2026.07.10,13:47:00,29698.82,29704.52,29684.43,29693.45,5078,5078,0
2026.07.10,13:48:00,29692.99,29702.56,29685.44,29700.82,4988,4988,0
2026.07.10,13:49:00,29700.67,29738.68,29699.42,29730.45,5040,5040,0
2026.07.10,13:50:00,29730.72,29735.85,29705.59,29721.35,5298,5298,0
2026.07.10,13:51:00,29721.49,29728.06,29714.72,29721.31,4774,4774,0
2026.07.10,13:52:00,29721.10,29757.57,29719.17,29750.21,4966,4966,0
2026.07.10,13:53:00,29750.55,29756.19,29733.71,29743.20,4979,4979,0
2026.07.10,13:54:00,29742.97,29744.40,29725.45,29726.81,4918,4918,0
2026.07.10,13:55:00,29727.14,29728.63,29697.45,29713.13,6163,6163,0
2026.07.10,13:56:00,29712.81,29720.33,29699.69,29712.18,7131,7131,0
2026.07.10,13:57:00,29711.20,29723.49,29693.85,29709.55,7000,7000,0
2026.07.10,13:58:00,29709.52,29743.70,29709.09,29731.33,7088,7088,0
2026.07.10,13:59:00,29731.64,29737.99,29703.95,29713.25,6967,6967,0
2026.07.10,14:00:00,29712.06,29725.72,29703.56,29708.19,7202,7202,0
2026.07.10,14:01:00,29708.52,29737.78,29703.68,29732.20,7359,7359,0
2026.07.10,14:02:00,29732.97,29750.92,29726.47,29746.50,7124,7124,0
2026.07.10,14:03:00,29746.68,29746.85,29728.81,29738.51,6554,6554,0
2026.07.10,14:04:00,29738.70,29740.19,29717.12,29731.08,6487,6487,0
2026.07.10,14:05:00,29731.25,29743.02,29728.89,29736.20,6730,6730,0
2026.07.10,14:06:00,29735.95,29748.78,29720.64,29724.30,6787,6787,0
2026.07.10,14:07:00,29724.08,29727.06,29709.89,29712.32,6829,6829,0
2026.07.10,14:08:00,29711.70,29733.58,29697.21,29727.03,6395,6395,0
2026.07.10,14:09:00,29728.43,29753.17,29725.25,29750.48,5946,5946,0
2026.07.10,14:10:00,29750.52,29753.62,29730.46,29745.98,5813,5813,0
2026.07.10,14:11:00,29747.88,29748.17,29722.43,29738.98,5820,5820,0
2026.07.10,14:12:00,29738.64,29753.73,29733.70,29751.17,5765,5765,0
2026.07.10,14:13:00,29750.79,29755.71,29731.75,29747.40,5227,5227,0
2026.07.10,14:14:00,29747.45,29747.45,29725.49,29729.22,5657,5657,0
2026.07.10,14:15:00,29729.42,29730.04,29704.10,29710.61,7045,7045,0
2026.07.10,14:16:00,29711.63,29724.21,29700.21,29715.51,6650,6650,0
2026.07.10,14:17:00,29714.84,29740.45,29705.74,29736.01,6235,6235,0
2026.07.10,14:18:00,29736.10,29740.35,29703.72,29708.10,5835,5835,0
2026.07.10,14:19:00,29708.33,29710.17,29680.80,29694.03,6533,6533,0
2026.07.10,14:20:00,29694.87,29701.70,29681.91,29685.22,6637,6637,0
2026.07.10,14:21:00,29684.62,29686.49,29636.26,29654.29,7865,7865,0
2026.07.10,14:22:00,29654.44,29676.19,29648.41,29670.89,6755,6755,0
2026.07.10,14:23:00,29670.39,29693.11,29658.00,29692.40,5474,5474,0
2026.07.10,14:24:00,29692.77,29699.32,29672.71,29686.47,4843,4843,0
2026.07.10,14:25:00,29685.19,29685.20,29650.79,29670.64,5049,5049,0
2026.07.10,14:26:00,29670.43,29692.43,29662.97,29688.19,5003,5003,0
2026.07.10,14:27:00,29688.28,29715.63,29676.54,29713.76,4764,4764,0
2026.07.10,14:28:00,29713.45,29728.12,29710.48,29727.41,4925,4925,0
2026.07.10,14:29:00,29728.00,29729.62,29695.17,29695.17,4638,4638,0
2026.07.10,14:30:00,29695.51,29718.63,29689.92,29717.65,5082,5082,0
2026.07.10,14:31:00,29717.35,29721.26,29705.12,29720.27,4423,4423,0
2026.07.10,14:32:00,29720.95,29745.73,29715.21,29739.93,3116,3116,0
2026.07.10,14:33:00,29633.42,29633.42,29465.06,29588.53,6397,6397,0
2026.07.10,14:34:00,29592.91,29661.65,29571.10,29639.06,6424,6424,0
2026.07.10,14:35:00,29641.17,29673.60,29617.02,29617.56,5562,5562,0
2026.07.10,14:36:00,29616.63,29669.19,29610.86,29658.25,6469,6469,0
2026.07.10,14:37:00,29658.11,29674.29,29645.90,29664.07,5898,5898,0
2026.07.10,14:38:00,29664.74,29682.17,29650.60,29677.69,5919,5919,0
2026.07.10,14:39:00,29677.58,29683.00,29657.90,29668.29,4843,4843,0
2026.07.10,14:40:00,29668.05,29672.60,29652.76,29667.04,5143,5143,0
2026.07.10,14:41:00,29665.98,29665.98,29631.28,29635.83,4912,4912,0
2026.07.10,14:42:00,29635.24,29668.55,29635.24,29648.62,4766,4766,0
2026.07.10,14:43:00,29648.24,29658.58,29643.47,29647.60,4701,4701,0
2026.07.10,14:44:00,29647.09,29689.29,29637.33,29678.34,4881,4881,0
2026.07.10,14:45:00,29678.74,29692.58,29658.63,29677.06,4693,4693,0
2026.07.10,14:46:00,29676.85,29681.63,29654.05,29663.98,4693,4693,0
2026.07.10,14:47:00,29663.55,29679.26,29660.94,29666.22,4535,4535,0
2026.07.10,14:48:00,29665.84,29676.61,29654.22,29661.14,4402,4402,0
2026.07.10,14:49:00,29660.45,29694.12,29658.55,29689.28,4861,4861,0
2026.07.10,14:50:00,29690.47,29699.93,29669.44,29670.11,4631,4631,0
2026.07.10,14:51:00,29671.00,29685.40,29658.12,29675.49,4648,4648,0
2026.07.10,14:52:00,29675.86,29688.64,29663.66,29666.63,4753,4753,0
2026.07.10,14:53:00,29666.71,29671.53,29643.29,29657.33,4909,4909,0
2026.07.10,14:54:00,29657.05,29659.40,29640.79,29642.82,5169,5169,0
2026.07.10,14:55:00,29642.70,29653.80,29617.41,29617.53,6119,6119,0
2026.07.10,14:56:00,29619.94,29620.72,29598.26,29609.70,6999,6999,0
2026.07.10,14:57:00,29610.08,29638.20,29604.66,29635.40,6000,6000,0
2026.07.10,14:58:00,29635.69,29643.17,29601.97,29610.06,6274,6274,0
2026.07.10,14:59:00,29609.99,29619.20,29600.10,29606.91,6884,6884,0
2026.07.10,15:00:00,29607.22,29619.59,29582.06,29605.14,8124,8124,0
2026.07.10,15:01:00,29604.75,29613.05,29589.42,29597.57,7825,7825,0
2026.07.10,15:02:00,29598.49,29613.40,29593.30,29599.44,7605,7605,0
2026.07.10,15:03:00,29599.98,29623.13,29595.60,29616.01,7657,7657,0
2026.07.10,15:04:00,29617.01,29619.05,29585.22,29594.11,9915,9915,0
2026.07.10,15:05:00,29594.08,29603.85,29570.97,29591.42,12523,12523,0
2026.07.10,15:06:00,29591.55,29602.32,29573.19,29598.08,12461,12461,0
2026.07.10,15:07:00,29597.50,29636.61,29596.58,29627.62,9133,9133,0
2026.07.10,15:08:00,29627.77,29649.11,29627.31,29643.96,7711,7711,0
2026.07.10,15:09:00,29645.02,29651.82,29636.06,29650.83,7444,7444,0
2026.07.10,15:10:00,29650.49,29673.17,29648.63,29665.47,6039,6039,0
2026.07.10,15:11:00,29665.17,29671.61,29650.44,29665.87,6175,6175,0
2026.07.10,15:12:00,29666.00,29669.96,29651.72,29656.73,5621,5621,0
2026.07.10,15:13:00,29657.26,29673.34,29650.95,29662.44,5239,5239,0
2026.07.10,15:14:00,29663.06,29669.95,29655.52,29665.23,4894,4894,0
2026.07.10,15:15:00,29664.62,29704.21,29663.16,29699.81,4844,4844,0
2026.07.10,15:16:00,29699.91,29747.05,29699.91,29727.95,4508,4508,0
2026.07.10,15:17:00,29728.02,29733.02,29720.74,29722.96,4776,4776,0
2026.07.10,15:18:00,29722.44,29726.72,29709.08,29718.82,4517,4517,0
2026.07.10,15:19:00,29718.42,29718.65,29693.75,29717.09,4316,4316,0
2026.07.10,15:20:00,29716.93,29734.59,29704.86,29729.25,4391,4391,0
2026.07.10,15:21:00,29729.90,29736.83,29723.42,29727.75,4217,4217,0
2026.07.10,15:22:00,29727.91,29732.06,29719.99,29720.73,4185,4185,0
2026.07.10,15:23:00,29720.51,29742.11,29713.18,29737.05,4418,4418,0
2026.07.10,15:24:00,29737.70,29739.61,29727.45,29736.28,4343,4343,0
2026.07.10,15:25:00,29736.55,29759.91,29736.55,29747.69,4523,4523,0
2026.07.10,15:26:00,29747.60,29764.43,29745.51,29757.25,4208,4208,0
2026.07.10,15:27:00,29757.39,29774.97,29752.99,29766.04,4072,4072,0
2026.07.10,15:28:00,29766.21,29770.20,29760.45,29767.19,4168,4168,0
2026.07.10,15:29:00,29767.70,29771.09,29755.95,29766.11,4156,4156,0
2026.07.10,15:30:00,29766.73,29779.17,29762.68,29764.44,4330,4330,0
2026.07.10,15:31:00,29765.28,29767.94,29752.26,29765.24,4459,4459,0
2026.07.10,15:32:00,29765.74,29780.60,29765.42,29773.13,4380,4380,0
2026.07.10,15:33:00,29773.00,29781.10,29769.68,29773.45,4037,4037,0
2026.07.10,15:34:00,29773.54,29773.80,29761.94,29771.98,4048,4048,0
2026.07.10,15:35:00,29772.63,29774.12,29741.23,29742.61,4079,4079,0
2026.07.10,15:36:00,29743.28,29748.48,29736.22,29739.62,4350,4350,0
2026.07.10,15:37:00,29739.67,29752.01,29733.95,29750.62,4474,4474,0
2026.07.10,15:38:00,29750.93,29757.62,29732.98,29734.29,3982,3982,0
2026.07.10,15:39:00,29733.81,29733.81,29703.22,29707.81,4015,4015,0
2026.07.10,15:40:00,29707.62,29710.70,29693.70,29698.95,4282,4282,0
2026.07.10,15:41:00,29699.92,29701.95,29653.65,29672.46,7439,7439,0
2026.07.10,15:42:00,29672.83,29673.83,29621.21,29628.66,11472,11472,0
2026.07.10,15:43:00,29629.08,29650.26,29620.59,29641.91,10605,10605,0
2026.07.10,15:44:00,29641.76,29669.57,29640.40,29660.62,7277,7277,0
2026.07.10,15:45:00,29660.53,29660.85,29634.63,29650.34,7786,7786,0
2026.07.10,15:46:00,29649.51,29673.49,29648.68,29668.31,6622,6622,0
2026.07.10,15:47:00,29668.28,29687.39,29658.23,29682.84,5184,5184,0
2026.07.10,15:48:00,29682.10,29690.33,29674.47,29677.34,4871,4871,0
2026.07.10,15:49:00,29677.96,29705.34,29676.76,29697.21,4799,4799,0
2026.07.10,15:50:00,29697.08,29702.61,29688.45,29695.35,4629,4629,0
