2026.07.10,00:00:00,4123.06,4124.10,4120.16,4120.40,3063,3063,0
2026.07.10,00:01:00,4120.73,4121.44,4119.73,4120.65,1941,1941,0
2026.07.10,00:02:00,4120.59,4121.10,4119.27,4120.27,1611,1611,0
2026.07.10,00:03:00,4120.30,4123.34,4120.19,4123.26,1923,1923,0
2026.07.10,00:04:00,4123.49,4125.56,4122.80,4123.48,1935,1935,0
2026.07.10,00:05:00,4123.49,4124.98,4123.15,4124.12,1602,1602,0
2026.07.10,00:06:00,4124.09,4124.52,4122.64,4123.84,1410,1410,0
2026.07.10,00:07:00,4123.65,4123.85,4121.05,4122.01,1833,1833,0
2026.07.10,00:08:00,4121.97,4122.05,4120.76,4121.36,1755,1755,0
2026.07.10,00:09:00,4121.40,4122.57,4121.05,4122.45,1335,1335,0
2026.07.10,00:10:00,4122.72,4122.90,4121.19,4121.34,1395,1395,0
2026.07.10,00:11:00,4121.35,4122.43,4121.07,4121.15,1629,1629,0
2026.07.10,00:12:00,4121.06,4122.18,4121.05,4122.09,1692,1692,0
2026.07.10,00:13:00,4121.94,4122.05,4120.73,4121.23,1641,1641,0
2026.07.10,00:14:00,4121.18,4122.48,4120.84,4121.97,1545,1545,0
2026.07.10,00:15:00,4122.11,4122.99,4121.86,4122.60,1956,1956,0
2026.07.10,00:16:00,4122.69,4122.69,4120.69,4120.90,1719,1719,0
2026.07.10,00:17:00,4120.88,4123.14,4120.81,4123.06,1586,1586,0
2026.07.10,00:18:00,4123.15,4123.48,4120.40,4120.74,1604,1604,0
2026.07.10,00:19:00,4120.62,4121.03,4120.40,4120.47,1110,1110,0
2026.07.10,00:20:00,4120.81,4121.12,4119.40,4120.14,1317,1317,0
2026.07.10,00:21:00,4120.07,4122.02,4120.02,4121.52,1431,1431,0
2026.07.10,00:22:00,4121.60,4121.69,4120.86,4120.95,759,759,0
2026.07.10,00:23:00,4120.94,4121.77,4120.68,4121.02,1206,1206,0
2026.07.10,00:24:00,4120.77,4120.89,4118.66,4118.88,1755,1755,0
2026.07.10,00:25:00,4118.99,4119.97,4118.36,4118.38,1626,1626,0
2026.07.10,00:26:00,4118.43,4119.23,4118.38,4119.23,1431,1431,0
2026.07.10,00:27:00,4119.19,4119.31,4117.76,4117.95,936,936,0
2026.07.10,00:28:00,4118.06,4118.70,4116.62,4117.31,1668,1668,0
2026.07.10,00:29:00,4117.35,4119.44,4117.15,4119.23,1131,1131,0
2026.07.10,00:30:00,4119.31,4119.52,4117.81,4118.31,1551,1551,0
2026.07.10,00:31:00,4118.27,4118.41,4116.19,4116.65,1914,1914,0
2026.07.10,00:32:00,4116.68,4117.12,4115.88,4116.62,1368,1368,0
2026.07.10,00:33:00,4116.56,4116.89,4114.90,4115.35,1755,1755,0
2026.07.10,00:34:00,4115.47,4116.16,4114.03,4115.61,2382,2382,0
2026.07.10,00:35:00,4115.60,4117.38,4115.56,4117.36,1866,1866,0
2026.07.10,00:36:00,4117.38,4119.23,4117.06,4119.15,2151,2151,0
2026.07.10,00:37:00,4119.20,4119.60,4118.09,4118.57,2016,2016,0
2026.07.10,00:38:00,4118.56,4119.72,4117.84,4119.15,1383,1383,0
2026.07.10,00:39:00,4119.14,4119.39,4118.68,4118.85,1308,1308,0
2026.07.10,00:40:00,4118.82,4118.94,4118.02,4118.09,1326,1326,0
2026.07.10,00:41:00,4118.28,4119.82,4118.10,4119.53,1368,1368,0
2026.07.10,00:42:00,4119.56,4121.86,4119.09,4121.59,2223,2223,0
2026.07.10,00:43:00,4121.95,4123.12,4121.45,4122.78,2382,2382,0
2026.07.10,00:44:00,4122.88,4123.68,4122.24,4122.90,1335,1335,0
2026.07.10,00:45:00,4122.80,4125.52,4122.23,4124.27,2619,2619,0
2026.07.10,00:46:00,4124.62,4124.84,4121.98,4122.44,1890,1890,0
2026.07.10,00:47:00,4122.40,4123.43,4122.07,4123.43,1935,1935,0
2026.07.10,00:48:00,4123.32,4124.10,4122.06,4122.31,1935,1935,0
2026.07.10,00:49:00,4122.27,4124.10,4122.07,4124.02,1548,1548,0
2026.07.10,00:50:00,4124.15,4126.97,4123.69,4125.84,2148,2148,0
2026.07.10,00:51:00,4125.56,4125.60,4123.39,4123.62,1563,1563,0
2026.07.10,00:52:00,4123.65,4123.89,4122.34,4122.85,1530,1530,0
2026.07.10,00:53:00,4122.53,4122.53,4120.78,4121.84,1458,1458,0
2026.07.10,00:54:00,4121.78,4122.60,4120.84,4122.55,1965,1965,0
2026.07.10,00:55:00,4122.60,4125.49,4122.20,4125.38,2574,2574,0
2026.07.10,00:56:00,4125.31,4126.06,4124.60,4125.02,2190,2190,0
2026.07.10,00:57:00,4125.20,4128.26,4124.81,4126.65,2424,2424,0
2026.07.10,00:58:00,4126.51,4127.15,4125.44,4126.60,1521,1521,0
2026.07.10,00:59:00,4126.68,4127.84,4125.72,4125.97,2037,2037,0
2026.07.10,01:00:00,4126.09,4130.73,4125.77,4128.01,4683,4683,0
2026.07.10,01:01:00,4127.95,4128.82,4125.45,4126.70,3141,3141,0
2026.07.10,01:02:00,4126.77,4127.59,4123.02,4123.23,3189,3189,0
2026.07.10,01:03:00,4123.19,4123.61,4119.69,4120.56,3293,3293,0
2026.07.10,01:04:00,4120.56,4122.53,4120.44,4121.84,3144,3144,0
2026.07.10,01:05:00,4121.73,4122.51,4119.27,4119.74,5094,5094,0
2026.07.10,01:06:00,4119.69,4120.66,4118.60,4119.78,4149,4149,0
2026.07.10,01:07:00,4119.88,4121.94,4119.48,4121.94,4278,4278,0
2026.07.10,01:08:00,4121.90,4123.51,4121.70,4123.45,4188,4188,0
2026.07.10,01:09:00,4123.48,4126.44,4123.09,4125.31,5046,5046,0
2026.07.10,01:10:00,4125.10,4126.20,4123.82,4124.65,4368,4368,0
2026.07.10,01:11:00,4124.60,4124.65,4121.28,4122.55,4500,4500,0
2026.07.10,01:12:00,4122.57,4125.97,4122.57,4124.91,3903,3903,0
2026.07.10,01:13:00,4124.94,4125.23,4123.95,4124.56,3036,3036,0
2026.07.10,01:14:00,4124.52,4125.24,4123.61,4124.77,3126,3126,0
2026.07.10,01:15:00,4124.73,4127.23,4124.35,4125.65,5082,5082,0
2026.07.10,01:16:00,4125.61,4126.55,4123.74,4123.86,4002,4002,0
2026.07.10,01:17:00,4123.85,4124.69,4123.02,4124.53,3531,3531,0
2026.07.10,01:18:00,4124.60,4126.57,4124.52,4126.52,4314,4314,0
2026.07.10,01:19:00,4126.35,4127.38,4125.19,4125.86,4095,4095,0
2026.07.10,01:20:00,4125.76,4125.85,4124.72,4124.72,2994,2994,0
2026.07.10,01:21:00,4124.77,4125.15,4122.09,4122.12,3570,3570,0
2026.07.10,01:22:00,4122.19,4122.60,4121.05,4122.19,4043,4043,0
2026.07.10,01:23:00,4122.23,4122.23,4120.48,4122.07,3564,3564,0
2026.07.10,01:24:00,4122.09,4122.98,4121.73,4122.19,4110,4110,0
2026.07.10,01:25:00,4122.22,4122.73,4120.02,4120.70,4086,4086,0
2026.07.10,01:26:00,4120.64,4122.66,4120.61,4121.94,4025,4025,0
2026.07.10,01:27:00,4121.93,4122.31,4120.91,4121.56,2847,2847,0
2026.07.10,01:28:00,4121.56,4122.41,4120.81,4121.23,3018,3018,0
2026.07.10,01:29:00,4121.27,4121.44,4120.69,4121.30,3839,3839,0
2026.07.10,01:30:00,4121.32,4123.34,4121.10,4122.32,4260,4260,0
2026.07.10,01:31:00,4122.31,4122.32,4120.44,4121.97,4236,4236,0
2026.07.10,01:32:00,4121.94,4122.19,4119.44,4119.56,3483,3483,0
2026.07.10,01:33:00,4119.59,4119.91,4118.44,4118.99,4059,4059,0
2026.07.10,01:34:00,4118.99,4120.19,4118.77,4119.66,3780,3780,0
2026.07.10,01:35:00,4119.56,4120.73,4119.23,4119.90,4050,4050,0
2026.07.10,01:36:00,4119.91,4119.94,4118.05,4119.27,3570,3570,0
2026.07.10,01:37:00,4119.23,4120.14,4118.93,4119.41,2961,2961,0
2026.07.10,01:38:00,4119.38,4119.81,4116.01,4116.19,4710,4710,0
2026.07.10,01:39:00,4116.15,4116.86,4108.65,4112.39,5484,5484,0
2026.07.10,01:40:00,4112.22,4113.45,4111.47,4112.03,4368,4368,0
2026.07.10,01:41:00,4112.01,4112.11,4109.65,4111.35,4440,4440,0
2026.07.10,01:42:00,4111.36,4113.02,4109.49,4110.11,4434,4434,0
2026.07.10,01:43:00,4110.11,4112.11,4109.84,4111.76,3420,3420,0
2026.07.10,01:44:00,4111.61,4112.49,4110.93,4111.40,3072,3072,0
2026.07.10,01:45:00,4111.39,4111.65,4108.53,4109.56,5175,5175,0
2026.07.10,01:46:00,4109.64,4110.73,4109.19,4110.44,3570,3570,0
2026.07.10,01:47:00,4110.35,4114.19,4110.35,4113.85,5361,5361,0
2026.07.10,01:48:00,4113.86,4114.02,4111.70,4111.94,3714,3714,0
2026.07.10,01:49:00,4111.97,4113.16,4111.76,4112.95,4446,4446,0
2026.07.10,01:50:00,4113.10,4113.89,4112.52,4113.43,3864,3864,0
2026.07.10,01:51:00,4113.40,4115.23,4113.07,4113.76,3941,3941,0
2026.07.10,01:52:00,4113.73,4115.45,4113.45,4115.26,4092,4092,0
2026.07.10,01:53:00,4115.34,4116.55,4114.72,4116.55,4074,4074,0
2026.07.10,01:54:00,4116.55,4116.80,4115.48,4115.82,4317,4317,0
2026.07.10,01:55:00,4115.90,4117.28,4115.35,4115.35,4272,4272,0
2026.07.10,01:56:00,4115.39,4117.95,4115.27,4117.95,4842,4842,0
2026.07.10,01:57:00,4117.97,4121.09,4117.88,4118.77,4038,4038,0
2026.07.10,01:58:00,4118.81,4119.12,4117.69,4118.03,2979,2979,0
2026.07.10,01:59:00,4118.06,4118.09,4116.40,4116.49,3255,3255,0
2026.07.10,02:00:00,4116.64,4117.32,4115.74,4116.56,4836,4836,0
2026.07.10,02:01:00,4116.61,4117.85,4116.40,4116.70,3182,3182,0
2026.07.10,02:02:00,4116.69,4117.47,4116.49,4117.16,3222,3222,0
2026.07.10,02:03:00,4117.10,4117.88,4116.72,4117.35,3402,3402,0
2026.07.10,02:04:00,4117.38,4118.85,4117.15,4117.82,3914,3914,0
2026.07.10,02:05:00,4117.90,4118.85,4117.38,4118.72,3270,3270,0
2026.07.10,02:06:00,4118.68,4119.49,4118.43,4119.19,3645,3645,0
2026.07.10,02:07:00,4119.23,4120.73,4118.98,4119.99,3081,3081,0
2026.07.10,02:08:00,4120.02,4126.05,4119.69,4124.10,5946,5946,0
2026.07.10,02:09:00,4124.19,4125.34,4123.56,4124.61,4020,4020,0
2026.07.10,02:10:00,4124.64,4126.10,4124.06,4125.94,4284,4284,0
2026.07.10,02:11:00,4125.91,4128.59,4125.73,4127.91,3978,3978,0
2026.07.10,02:12:00,4128.02,4128.27,4125.06,4125.73,4407,4407,0
2026.07.10,02:13:00,4125.76,4126.52,4124.35,4124.56,3690,3690,0
2026.07.10,02:14:00,4124.52,4124.90,4123.51,4124.52,3191,3191,0
2026.07.10,02:15:00,4124.57,4124.94,4123.56,4124.81,2988,2988,0
2026.07.10,02:16:00,4124.84,4126.24,4124.56,4126.19,3072,3072,0
2026.07.10,02:17:00,4126.23,4127.59,4125.73,4126.23,3024,3024,0
2026.07.10,02:18:00,4126.32,4127.69,4126.32,4127.26,2694,2694,0
2026.07.10,02:19:00,4127.26,4127.56,4126.72,4127.02,2868,2868,0
2026.07.10,02:20:00,4127.06,4127.31,4125.81,4126.44,2598,2598,0
2026.07.10,02:21:00,4126.24,4126.52,4125.69,4126.14,3171,3171,0
2026.07.10,02:22:00,4126.15,4126.30,4123.19,4123.88,3138,3138,0
2026.07.10,02:23:00,4123.84,4123.88,4121.47,4121.77,2979,2979,0
2026.07.10,02:24:00,4121.73,4123.69,4121.38,4123.65,2766,2766,0
2026.07.10,02:25:00,4123.68,4124.53,4123.44,4124.36,2298,2298,0
2026.07.10,02:26:00,4124.44,4125.01,4123.73,4124.60,2700,2700,0
2026.07.10,02:27:00,4124.60,4124.84,4124.02,4124.74,2490,2490,0
2026.07.10,02:28:00,4124.82,4125.72,4124.61,4124.97,3132,3132,0
2026.07.10,02:29:00,4124.97,4125.94,4124.84,4125.40,2310,2310,0
2026.07.10,02:30:00,4125.48,4127.47,4124.74,4127.10,4533,4533,0
2026.07.10,02:31:00,4127.10,4128.24,4126.52,4126.97,3762,3762,0
2026.07.10,02:32:00,4126.99,4126.99,4125.01,4125.90,3372,3372,0
2026.07.10,02:33:00,4125.98,4126.55,4124.34,4124.84,3377,3377,0
2026.07.10,02:34:00,4124.81,4124.85,4123.03,4123.06,3171,3171,0
2026.07.10,02:35:00,4123.06,4123.64,4122.65,4123.40,2742,2742,0
2026.07.10,02:36:00,4123.38,4124.39,4122.95,4124.26,3528,3528,0
2026.07.10,02:37:00,4124.14,4124.14,4122.27,4122.31,2730,2730,0
2026.07.10,02:38:00,4122.41,4123.02,4121.74,4123.02,2646,2646,0
2026.07.10,02:39:00,4123.02,4124.01,4122.69,4123.56,2748,2748,0
2026.07.10,02:40:00,4123.51,4123.69,4122.73,4123.23,2196,2196,0
2026.07.10,02:41:00,4123.15,4124.20,4122.88,4123.57,2784,2784,0
2026.07.10,02:42:00,4123.53,4125.41,4123.34,4125.16,3474,3474,0
2026.07.10,02:43:00,4125.15,4125.76,4124.45,4125.61,3225,3225,0
2026.07.10,02:44:00,4125.64,4126.11,4124.72,4125.38,2946,2946,0
2026.07.10,02:45:00,4125.38,4125.60,4124.15,4124.27,2820,2820,0
2026.07.10,02:46:00,4124.24,4124.59,4123.30,4123.89,3120,3120,0
2026.07.10,02:47:00,4123.73,4125.53,4123.06,4125.43,3606,3606,0
2026.07.10,02:48:00,4125.45,4125.49,4123.69,4124.02,2862,2862,0
2026.07.10,02:49:00,4124.06,4125.60,4123.90,4125.44,2394,2394,0
2026.07.10,02:50:00,4125.44,4126.81,4125.16,4126.59,3198,3198,0
2026.07.10,02:51:00,4126.55,4127.89,4125.94,4127.78,3564,3564,0
2026.07.10,02:52:00,4127.84,4128.28,4127.02,4127.60,3324,3324,0
2026.07.10,02:53:00,4127.56,4128.86,4127.48,4128.18,3515,3515,0
2026.07.10,02:54:00,4127.95,4128.35,4127.15,4127.32,2328,2328,0
2026.07.10,02:55:00,4127.39,4127.39,4125.88,4126.09,2478,2478,0
2026.07.10,02:56:00,4126.02,4126.23,4125.31,4125.48,2031,2031,0
2026.07.10,02:57:00,4125.51,4126.40,4125.06,4126.14,2250,2250,0
2026.07.10,02:58:00,4126.16,4126.73,4126.01,4126.03,2142,2142,0
2026.07.10,02:59:00,4125.99,4127.53,4125.99,4127.49,2214,2214,0
2026.07.10,03:00:00,4127.31,4131.66,4126.85,4130.49,4647,4647,0
2026.07.10,03:01:00,4130.51,4131.23,4130.05,4130.19,3402,3402,0
2026.07.10,03:02:00,4130.20,4130.20,4128.69,4129.01,3204,3204,0
2026.07.10,03:03:00,4128.97,4129.78,4128.73,4129.23,2586,2586,0
2026.07.10,03:04:00,4129.23,4129.98,4128.44,4129.19,3108,3108,0
2026.07.10,03:05:00,4129.15,4129.56,4128.02,4129.09,2970,2970,0
2026.07.10,03:06:00,4129.05,4132.51,4129.05,4132.06,3612,3612,0
2026.07.10,03:07:00,4132.06,4133.22,4132.02,4133.19,3816,3816,0
2026.07.10,03:08:00,4133.19,4134.56,4131.70,4133.19,4596,4596,0
2026.07.10,03:09:00,4133.15,4133.90,4130.55,4131.09,4368,4368,0
2026.07.10,03:10:00,4131.26,4131.45,4128.40,4128.65,3573,3573,0
2026.07.10,03:11:00,4128.69,4129.02,4128.26,4128.56,2778,2778,0
2026.07.10,03:12:00,4128.55,4128.94,4127.19,4127.61,3255,3255,0
2026.07.10,03:13:00,4127.61,4128.03,4126.99,4127.66,2928,2928,0
2026.07.10,03:14:00,4127.69,4127.69,4125.49,4126.26,3180,3180,0
2026.07.10,03:15:00,4126.22,4126.36,4125.48,4125.91,2844,2844,0
2026.07.10,03:16:00,4125.95,4127.66,4125.48,4126.88,2430,2430,0
2026.07.10,03:17:00,4126.94,4128.03,4125.94,4126.31,2043,2043,0
2026.07.10,03:18:00,4126.40,4126.62,4125.12,4125.56,2682,2682,0
2026.07.10,03:19:00,4125.52,4126.15,4125.02,4125.41,1646,1646,0
2026.07.10,03:20:00,4125.78,4125.78,4123.59,4124.11,3561,3561,0
2026.07.10,03:21:00,4124.15,4124.15,4122.22,4123.31,2916,2916,0
2026.07.10,03:22:00,4123.27,4123.70,4122.78,4122.99,2598,2598,0
2026.07.10,03:23:00,4123.06,4123.43,4121.35,4123.27,3474,3474,0
2026.07.10,03:24:00,4123.27,4123.27,4120.24,4121.94,3759,3759,0
2026.07.10,03:25:00,4121.77,4124.09,4121.77,4124.02,3558,3558,0
2026.07.10,03:26:00,4124.02,4124.98,4124.02,4124.61,3432,3432,0
2026.07.10,03:27:00,4124.59,4125.69,4124.53,4124.72,2841,2841,0
2026.07.10,03:28:00,4124.70,4125.68,4124.20,4124.64,2400,2400,0
2026.07.10,03:29:00,4124.70,4125.97,4124.56,4124.98,2016,2016,0
2026.07.10,03:30:00,4124.74,4125.49,4123.77,4125.35,1998,1998,0
2026.07.10,03:31:00,4125.32,4125.85,4123.31,4123.52,2685,2685,0
2026.07.10,03:32:00,4123.60,4125.52,4123.60,4125.48,2418,2418,0
2026.07.10,03:33:00,4125.48,4126.43,4125.35,4125.69,2424,2424,0
2026.07.10,03:34:00,4125.72,4127.70,4125.72,4127.24,2640,2640,0
2026.07.10,03:35:00,4127.34,4127.57,4125.35,4125.56,2508,2508,0
2026.07.10,03:36:00,4125.64,4126.51,4125.20,4125.22,2268,2268,0
2026.07.10,03:37:00,4125.26,4126.03,4123.48,4123.52,2076,2076,0
2026.07.10,03:38:00,4123.45,4124.70,4122.60,4122.73,1848,1848,0
2026.07.10,03:39:00,4122.48,4123.73,4122.35,4122.56,2010,2010,0
2026.07.10,03:40:00,4122.51,4122.94,4122.02,4122.06,1374,1374,0
2026.07.10,03:41:00,4122.01,4122.01,4120.85,4121.45,1932,1932,0
2026.07.10,03:42:00,4121.48,4122.74,4121.48,4122.74,1128,1128,0
2026.07.10,03:43:00,4122.69,4122.81,4121.60,4121.64,1530,1530,0
2026.07.10,03:44:00,4121.65,4122.19,4120.97,4121.22,1655,1655,0
2026.07.10,03:45:00,4121.19,4121.97,4120.73,4121.86,1668,1668,0
2026.07.10,03:46:00,4121.90,4122.02,4120.35,4120.49,1503,1503,0
2026.07.10,03:47:00,4120.53,4121.38,4120.24,4121.31,1290,1290,0
2026.07.10,03:48:00,4121.36,4122.06,4120.66,4120.84,1062,1062,0
2026.07.10,03:49:00,4120.60,4121.23,4120.47,4120.61,1332,1332,0
2026.07.10,03:50:00,4120.65,4121.15,4119.40,4119.76,1836,1836,0
2026.07.10,03:51:00,4119.76,4119.84,4119.11,4119.74,1482,1482,0
2026.07.10,03:52:00,4119.70,4120.35,4119.51,4119.91,1974,1974,0
2026.07.10,03:53:00,4119.91,4121.53,4119.78,4121.19,2298,2298,0
2026.07.10,03:54:00,4121.22,4121.35,4120.15,4120.20,1536,1536,0
2026.07.10,03:55:00,4120.20,4121.41,4120.15,4120.52,1662,1662,0
2026.07.10,03:56:00,4120.60,4121.06,4119.69,4120.16,1494,1494,0
2026.07.10,03:57:00,4120.22,4120.39,4119.06,4120.15,1548,1548,0
2026.07.10,03:58:00,4120.19,4120.27,4119.02,4119.65,1308,1308,0
2026.07.10,03:59:00,4119.61,4120.45,4119.61,4119.91,1092,1092,0
2026.07.10,04:00:00,4119.94,4119.95,4117.56,4117.69,2700,2700,0
2026.07.10,04:01:00,4117.85,4118.80,4117.64,4118.18,1604,1604,0
2026.07.10,04:02:00,4118.22,4118.99,4118.11,4118.91,1152,1152,0
2026.07.10,04:03:00,4118.91,4119.72,4118.44,4118.85,1308,1308,0
2026.07.10,04:04:00,4118.80,4119.45,4118.69,4119.36,1542,1542,0
2026.07.10,04:05:00,4119.39,4120.31,4119.20,4120.02,1728,1728,0
2026.07.10,04:06:00,4120.10,4120.15,4118.45,4119.02,1908,1908,0
2026.07.10,04:07:00,4119.06,4119.12,4118.45,4118.69,1626,1626,0
2026.07.10,04:08:00,4118.59,4118.99,4117.90,4117.98,2088,2088,0
2026.07.10,04:09:00,4117.98,4118.14,4117.27,4117.52,1560,1560,0
2026.07.10,04:10:00,4117.48,4117.69,4116.40,4117.51,1566,1566,0
2026.07.10,04:11:00,4117.60,4118.74,4117.60,4118.24,1542,1542,0
2026.07.10,04:12:00,4118.12,4119.06,4117.56,4118.98,1398,1398,0
2026.07.10,04:13:00,4119.01,4119.27,4118.80,4118.91,1098,1098,0
2026.07.10,04:14:00,4118.99,4120.64,4118.36,4120.52,1602,1602,0
2026.07.10,04:15:00,4120.52,4120.56,4119.65,4119.65,1695,1695,0
2026.07.10,04:16:00,4119.66,4119.73,4119.05,4119.52,899,899,0
2026.07.10,04:17:00,4119.41,4120.90,4119.28,4120.72,1404,1404,0
2026.07.10,04:18:00,4120.72,4120.72,4119.44,4119.60,1692,1692,0
2026.07.10,04:19:00,4119.55,4119.99,4118.81,4119.35,1494,1494,0
2026.07.10,04:20:00,4119.35,4120.12,4117.40,4117.52,2064,2064,0
2026.07.10,04:21:00,4117.57,4117.64,4115.23,4115.69,2682,2682,0
2026.07.10,04:22:00,4115.68,4115.70,4112.22,4113.10,3168,3168,0
2026.07.10,04:23:00,4113.05,4113.11,4111.62,4112.15,2670,2670,0
2026.07.10,04:24:00,4112.15,4113.77,4112.15,4113.77,2940,2940,0
2026.07.10,04:25:00,4113.76,4113.86,4112.56,4113.32,1626,1626,0
2026.07.10,04:26:00,4113.31,4113.31,4112.09,4113.19,1956,1956,0
2026.07.10,04:27:00,4113.16,4114.16,4112.43,4113.77,1542,1542,0
2026.07.10,04:28:00,4113.52,4114.60,4112.94,4113.35,3042,3042,0
2026.07.10,04:29:00,4113.47,4117.53,4113.41,4117.19,3714,3714,0
2026.07.10,04:30:00,4117.05,4117.66,4116.56,4117.49,1950,1950,0
2026.07.10,04:31:00,4117.52,4118.27,4117.27,4117.90,1595,1595,0
2026.07.10,04:32:00,4117.80,4118.11,4116.94,4117.44,1536,1536,0
2026.07.10,04:33:00,4117.59,4118.15,4117.15,4117.82,1644,1644,0
2026.07.10,04:34:00,4117.89,4118.05,4117.31,4117.85,1440,1440,0
2026.07.10,04:35:00,4117.85,4118.16,4117.45,4117.86,1458,1458,0
2026.07.10,04:36:00,4117.88,4118.78,4117.73,4118.32,1233,1233,0
2026.07.10,04:37:00,4118.31,4118.69,4118.18,4118.34,1449,1449,0
2026.07.10,04:38:00,4118.31,4119.39,4118.18,4119.14,1134,1134,0
2026.07.10,04:39:00,4119.10,4119.28,4118.76,4119.09,1254,1254,0
2026.07.10,04:40:00,4119.14,4119.35,4118.28,4118.52,768,768,0
2026.07.10,04:41:00,4118.52,4118.65,4117.85,4118.14,2223,2223,0
2026.07.10,04:42:00,4118.19,4118.43,4117.88,4118.31,1608,1608,0
2026.07.10,04:43:00,4118.31,4119.24,4118.11,4119.19,1317,1317,0
2026.07.10,04:44:00,4119.12,4119.32,4118.31,4118.74,1155,1155,0
2026.07.10,04:45:00,4118.81,4118.93,4116.52,4116.81,2064,2064,0
2026.07.10,04:46:00,4116.80,4118.16,4116.80,4117.61,1350,1350,0
2026.07.10,04:47:00,4117.66,4118.45,4117.53,4118.28,636,636,0
2026.07.10,04:48:00,4118.20,4118.78,4118.02,4118.02,1452,1452,0
2026.07.10,04:49:00,4117.89,4117.91,4116.65,4117.03,1854,1854,0
2026.07.10,04:50:00,4117.10,4117.19,4115.64,4116.24,1491,1491,0
2026.07.10,04:51:00,4116.22,4116.57,4115.06,4116.40,1950,1950,0
2026.07.10,04:52:00,4116.40,4117.06,4116.01,4117.06,1260,1260,0
2026.07.10,04:53:00,4117.18,4117.23,4116.35,4116.35,858,858,0
2026.07.10,04:54:00,4116.34,4117.05,4115.94,4116.90,1260,1260,0
2026.07.10,04:55:00,4116.97,4117.47,4116.38,4117.38,1572,1572,0
2026.07.10,04:56:00,4117.52,4117.52,4115.60,4115.60,2082,2082,0
2026.07.10,04:57:00,4115.55,4115.81,4114.59,4115.12,2010,2010,0
2026.07.10,04:58:00,4115.12,4115.44,4114.94,4115.02,1668,1668,0
2026.07.10,04:59:00,4115.02,4115.68,4114.60,4114.88,1644,1644,0
2026.07.10,05:00:00,4114.85,4115.43,4113.44,4113.94,3066,3066,0
2026.07.10,05:01:00,4113.90,4115.06,4113.48,4114.35,2376,2376,0
2026.07.10,05:02:00,4114.38,4114.99,4114.22,4114.74,2274,2274,0
2026.07.10,05:03:00,4114.65,4114.70,4113.02,4113.55,2274,2274,0
2026.07.10,05:04:00,4113.47,4114.62,4113.19,4114.31,1848,1848,0
2026.07.10,05:05:00,4114.12,4114.69,4113.01,4114.10,2544,2544,0
2026.07.10,05:06:00,4113.95,4115.31,4113.80,4114.94,2310,2310,0
2026.07.10,05:07:00,4115.03,4116.02,4114.32,4115.93,1998,1998,0
2026.07.10,05:08:00,4115.97,4116.02,4113.64,4113.86,2310,2310,0
2026.07.10,05:09:00,4113.86,4113.86,4113.12,4113.76,1704,1704,0
2026.07.10,05:10:00,4113.80,4114.05,4113.20,4113.98,1794,1794,0
2026.07.10,05:11:00,4113.84,4114.09,4113.06,4113.39,1590,1590,0
2026.07.10,05:12:00,4113.44,4114.28,4112.81,4113.55,1932,1932,0
2026.07.10,05:13:00,4113.49,4114.26,4113.26,4114.26,1104,1104,0
2026.07.10,05:14:00,4114.14,4114.26,4113.60,4113.66,1794,1794,0
2026.07.10,05:15:00,4113.68,4115.73,4113.64,4114.85,2112,2112,0
2026.07.10,05:16:00,4114.65,4115.77,4114.44,4115.40,2754,2754,0
2026.07.10,05:17:00,4115.34,4116.61,4115.34,4115.86,2304,2304,0
2026.07.10,05:18:00,4115.90,4116.38,4115.16,4115.94,1392,1392,0
2026.07.10,05:19:00,4115.90,4116.81,4115.77,4116.66,1878,1878,0
2026.07.10,05:20:00,4116.65,4116.65,4114.27,4115.99,2412,2412,0
2026.07.10,05:21:00,4116.06,4116.44,4115.23,4115.40,1908,1908,0
2026.07.10,05:22:00,4115.38,4116.65,4114.61,4115.31,2694,2694,0
2026.07.10,05:23:00,4115.31,4115.53,4112.94,4113.15,2853,2853,0
2026.07.10,05:24:00,4113.16,4114.02,4112.52,4113.89,2268,2268,0
2026.07.10,05:25:00,4113.85,4115.66,4113.82,4115.61,1692,1692,0
2026.07.10,05:26:00,4115.69,4115.77,4114.03,4114.19,1314,1314,0
2026.07.10,05:27:00,4114.10,4114.44,4113.38,4113.52,1668,1668,0
2026.07.10,05:28:00,4113.34,4114.77,4113.34,4114.27,1896,1896,0
2026.07.10,05:29:00,4114.30,4114.93,4113.81,4113.86,1038,1038,0
2026.07.10,05:30:00,4113.85,4115.12,4110.26,4110.28,4326,4326,0
2026.07.10,05:31:00,4110.43,4112.94,4109.85,4111.31,5748,5748,0
2026.07.10,05:32:00,4111.40,4113.55,4111.36,4113.38,4587,4587,0
2026.07.10,05:33:00,4113.60,4114.06,4112.76,4113.20,4416,4416,0
2026.07.10,05:34:00,4113.14,4114.30,4112.15,4112.74,3381,3381,0
2026.07.10,05:35:00,4112.74,4114.27,4112.27,4113.59,4116,4116,0
2026.07.10,05:36:00,4113.61,4114.18,4111.84,4112.09,2928,2928,0
2026.07.10,05:37:00,4112.20,4112.35,4109.61,4109.81,4665,4665,0
2026.07.10,05:38:00,4109.78,4110.64,4109.10,4110.16,3599,3599,0
2026.07.10,05:39:00,4110.15,4110.82,4109.10,4109.15,3666,3666,0
2026.07.10,05:40:00,4109.11,4111.15,4108.82,4111.09,4341,4341,0
2026.07.10,05:41:00,4110.99,4110.99,4109.52,4110.70,2976,2976,0
2026.07.10,05:42:00,4110.77,4111.55,4109.39,4111.40,3324,3324,0
2026.07.10,05:43:00,4110.98,4111.98,4110.80,4111.06,3567,3567,0
2026.07.10,05:44:00,4111.10,4114.31,4111.10,4113.89,3441,3441,0
2026.07.10,05:45:00,4113.89,4114.18,4110.31,4111.32,3807,3807,0
2026.07.10,05:46:00,4111.27,4112.19,4110.35,4110.40,3519,3519,0
2026.07.10,05:47:00,4110.38,4110.73,4107.95,4109.27,4007,4007,0
2026.07.10,05:48:00,4109.26,4110.90,4109.10,4110.23,3801,3801,0
2026.07.10,05:49:00,4110.28,4112.55,4110.19,4111.47,3834,3834,0
2026.07.10,05:50:00,4111.47,4112.90,4111.44,4111.98,3672,3672,0
2026.07.10,05:51:00,4111.98,4113.06,4111.84,4112.85,4476,4476,0
2026.07.10,05:52:00,4112.85,4114.38,4112.61,4113.69,4896,4896,0
2026.07.10,05:53:00,4113.69,4114.03,4112.60,4113.56,3018,3018,0
2026.07.10,05:54:00,4113.56,4114.52,4113.43,4113.89,3339,3339,0
2026.07.10,05:55:00,4113.89,4115.10,4113.32,4113.84,2964,2964,0
2026.07.10,05:56:00,4113.81,4113.85,4113.03,4113.40,2400,2400,0
2026.07.10,05:57:00,4113.40,4115.24,4113.40,4115.14,3021,3021,0
2026.07.10,05:58:00,4115.35,4116.61,4115.02,4115.60,2898,2898,0
2026.07.10,05:59:00,4115.85,4116.94,4115.35,4116.59,2625,2625,0
2026.07.10,06:00:00,4116.56,4119.10,4115.31,4115.97,4122,4122,0
2026.07.10,06:01:00,4115.91,4116.98,4115.31,4116.86,3780,3780,0
2026.07.10,06:02:00,4116.86,4116.86,4115.84,4116.05,2382,2382,0
2026.07.10,06:03:00,4116.11,4118.47,4115.77,4117.72,3066,3066,0
2026.07.10,06:04:00,4117.69,4118.43,4115.76,4117.19,3186,3186,0
2026.07.10,06:05:00,4117.28,4118.47,4117.11,4118.20,2934,2934,0
2026.07.10,06:06:00,4118.02,4118.05,4116.93,4117.53,3576,3576,0
2026.07.10,06:07:00,4117.56,4118.66,4116.48,4116.51,3972,3972,0
2026.07.10,06:08:00,4116.48,4116.88,4115.84,4116.76,2838,2838,0
2026.07.10,06:09:00,4116.74,4117.52,4116.45,4117.40,2586,2586,0
2026.07.10,06:10:00,4117.41,4117.98,4116.86,4117.55,3318,3318,0
2026.07.10,06:11:00,4117.55,4117.55,4116.44,4116.44,2376,2376,0
2026.07.10,06:12:00,4116.26,4116.55,4114.59,4115.72,2904,2904,0
2026.07.10,06:13:00,4115.80,4116.32,4115.19,4115.34,1848,1848,0
2026.07.10,06:14:00,4115.31,4115.98,4114.45,4114.72,2472,2472,0
2026.07.10,06:15:00,4114.72,4114.82,4113.49,4114.22,2256,2256,0
2026.07.10,06:16:00,4114.26,4115.90,4114.05,4115.51,2400,2400,0
2026.07.10,06:17:00,4115.53,4118.80,4115.49,4117.27,4122,4122,0
2026.07.10,06:18:00,4117.38,4119.34,4117.27,4118.94,3126,3126,0
2026.07.10,06:19:00,4119.10,4119.84,4118.32,4119.60,3258,3258,0
2026.07.10,06:20:00,4119.53,4119.53,4116.65,4117.64,3006,3006,0
2026.07.10,06:21:00,4117.59,4117.68,4116.23,4116.51,3012,3012,0
2026.07.10,06:22:00,4116.35,4117.38,4116.11,4117.20,2460,2460,0
2026.07.10,06:23:00,4117.20,4117.32,4116.15,4117.10,2628,2628,0
2026.07.10,06:24:00,4117.10,4118.23,4116.98,4117.39,2664,2664,0
2026.07.10,06:25:00,4117.39,4117.81,4116.23,4116.80,3096,3096,0
2026.07.10,06:26:00,4116.80,4117.98,4116.39,4116.62,2670,2670,0
2026.07.10,06:27:00,4116.65,4116.65,4115.49,4116.02,2640,2640,0
2026.07.10,06:28:00,4115.93,4115.93,4114.45,4114.56,2640,2640,0
2026.07.10,06:29:00,4114.62,4115.36,4113.80,4114.15,2580,2580,0
2026.07.10,06:30:00,4114.11,4115.91,4114.11,4115.49,3156,3156,0
2026.07.10,06:31:00,4115.47,4115.69,4113.85,4114.82,2814,2814,0
2026.07.10,06:32:00,4114.85,4115.14,4112.18,4112.55,2856,2856,0
2026.07.10,06:33:00,4112.49,4113.15,4112.34,4112.49,2340,2340,0
2026.07.10,06:34:00,4112.47,4113.39,4112.01,4113.27,2628,2628,0
2026.07.10,06:35:00,4113.30,4114.19,4113.19,4113.48,2868,2868,0
2026.07.10,06:36:00,4113.53,4114.94,4113.45,4114.72,1739,1739,0
2026.07.10,06:37:00,4114.77,4115.12,4114.40,4114.81,2010,2010,0
2026.07.10,06:38:00,4114.81,4115.56,4114.06,4115.14,2226,2226,0
2026.07.10,06:39:00,4115.22,4115.48,4114.05,4115.19,1818,1818,0
2026.07.10,06:40:00,4115.10,4115.23,4111.69,4113.24,3191,3191,0
2026.07.10,06:41:00,4113.24,4113.31,4112.18,4112.61,2346,2346,0
2026.07.10,06:42:00,4112.64,4112.89,4111.90,4112.06,2082,2082,0
2026.07.10,06:43:00,4111.94,4113.06,4111.03,4111.11,2805,2805,0
2026.07.10,06:44:00,4111.15,4111.98,4110.86,4111.19,2193,2193,0
2026.07.10,06:45:00,4111.07,4112.32,4111.07,4111.94,2748,2748,0
2026.07.10,06:46:00,4111.90,4112.81,4111.52,4111.88,2748,2748,0
2026.07.10,06:47:00,4111.85,4113.85,4111.43,4113.60,2184,2184,0
2026.07.10,06:48:00,4113.59,4114.10,4112.80,4113.07,2394,2394,0
2026.07.10,06:49:00,4113.03,4113.06,4112.55,4112.95,1512,1512,0
2026.07.10,06:50:00,4112.98,4113.36,4111.52,4112.31,2076,2076,0
2026.07.10,06:51:00,4112.35,4112.98,4112.27,4112.51,1980,1980,0
2026.07.10,06:52:00,4112.51,4113.77,4112.35,4113.61,1901,1901,0
2026.07.10,06:53:00,4113.62,4113.62,4113.07,4113.53,1452,1452,0
2026.07.10,06:54:00,4113.56,4114.02,4112.44,4113.31,1494,1494,0
2026.07.10,06:55:00,4113.22,4113.48,4111.95,4112.07,1026,1026,0
2026.07.10,06:56:00,4112.12,4113.19,4111.10,4113.11,1806,1806,0
2026.07.10,06:57:00,4113.18,4113.84,4113.11,4113.15,1080,1080,0
2026.07.10,06:58:00,4113.18,4113.18,4111.61,4111.86,1188,1188,0
2026.07.10,06:59:00,4111.90,4112.02,4111.20,4111.35,1830,1830,0
2026.07.10,07:00:00,4111.16,4112.48,4110.18,4110.84,3063,3063,0
2026.07.10,07:01:00,4110.94,4112.32,4110.81,4112.16,1482,1482,0
2026.07.10,07:02:00,4112.12,4112.12,4110.70,4111.11,1440,1440,0
2026.07.10,07:03:00,4111.16,4112.95,4110.91,4112.65,1416,1416,0
2026.07.10,07:04:00,4112.61,4112.85,4112.02,4112.30,1020,1020,0
2026.07.10,07:05:00,4112.12,4113.40,4111.99,4112.68,1458,1458,0
2026.07.10,07:06:00,4112.59,4113.59,4111.77,4112.99,1458,1458,0
2026.07.10,07:07:00,4112.94,4113.31,4111.45,4111.65,942,942,0
2026.07.10,07:08:00,4111.61,4111.90,4109.31,4109.90,1194,1194,0
2026.07.10,07:09:00,4109.94,4111.24,4109.84,4111.16,1050,1050,0
2026.07.10,07:10:00,4111.10,4111.27,4110.06,4111.16,996,996,0
2026.07.10,07:11:00,4111.16,4111.16,4109.45,4110.03,1734,1734,0
2026.07.10,07:12:00,4110.02,4110.39,4108.76,4109.40,1410,1410,0
2026.07.10,07:13:00,4109.34,4112.27,4109.02,4111.89,2214,2214,0
2026.07.10,07:14:00,4111.93,4111.93,4110.69,4111.38,972,972,0
2026.07.10,07:15:00,4111.28,4111.48,4108.56,4108.60,1680,1680,0
2026.07.10,07:16:00,4108.65,4110.52,4108.41,4109.15,1416,1416,0
2026.07.10,07:17:00,4109.15,4110.52,4108.52,4110.35,2166,2166,0
2026.07.10,07:18:00,4110.43,4113.22,4110.02,4112.74,2094,2094,0
2026.07.10,07:19:00,4112.73,4114.01,4112.73,4113.94,1806,1806,0
2026.07.10,07:20:00,4113.99,4114.95,4113.51,4114.35,1674,1674,0
2026.07.10,07:21:00,4114.40,4115.09,4114.40,4114.94,1296,1296,0
2026.07.10,07:22:00,4114.90,4114.90,4112.70,4112.70,1164,1164,0
2026.07.10,07:23:00,4112.73,4113.12,4112.14,4113.07,1092,1092,0
2026.07.10,07:24:00,4113.06,4113.82,4112.95,4113.80,966,966,0
2026.07.10,07:25:00,4113.80,4113.81,4112.81,4112.86,929,929,0
2026.07.10,07:26:00,4113.02,4114.02,4112.19,4112.82,1506,1506,0
2026.07.10,07:27:00,4112.98,4113.10,4112.32,4112.40,1503,1503,0
2026.07.10,07:28:00,4112.48,4113.02,4112.27,4112.85,1482,1482,0
2026.07.10,07:29:00,4112.85,4112.93,4111.82,4112.35,1542,1542,0
2026.07.10,07:30:00,4112.34,4113.91,4112.27,4113.91,1368,1368,0
2026.07.10,07:31:00,4113.94,4114.10,4112.90,4113.98,1407,1407,0
2026.07.10,07:32:00,4113.90,4114.36,4113.57,4113.77,1356,1356,0
2026.07.10,07:33:00,4113.76,4113.76,4112.26,4112.39,1590,1590,0
2026.07.10,07:34:00,4112.34,4113.43,4111.40,4113.26,2238,2238,0
2026.07.10,07:35:00,4113.26,4113.74,4112.60,4113.06,1884,1884,0
2026.07.10,07:36:00,4113.05,4113.28,4111.52,4111.76,1374,1374,0
2026.07.10,07:37:00,4111.80,4111.94,4110.23,4111.77,2202,2202,0
2026.07.10,07:38:00,4111.77,4111.82,4110.88,4111.51,1926,1926,0
2026.07.10,07:39:00,4111.60,4111.60,4110.70,4111.55,1542,1542,0
2026.07.10,07:40:00,4111.57,4111.57,4110.12,4110.73,1464,1464,0
2026.07.10,07:41:00,4110.77,4110.86,4109.52,4110.34,1980,1980,0
2026.07.10,07:42:00,4110.32,4110.97,4109.94,4110.10,1788,1788,0
2026.07.10,07:43:00,4110.06,4110.06,4106.77,4107.07,1557,1557,0
2026.07.10,07:44:00,4107.03,4107.09,4105.20,4106.60,3222,3222,0
2026.07.10,07:45:00,4106.68,4107.30,4105.38,4106.56,2604,2604,0
2026.07.10,07:46:00,4106.69,4107.06,4105.88,4106.01,2454,2454,0
2026.07.10,07:47:00,4106.05,4106.05,4104.18,4104.31,3395,3395,0
2026.07.10,07:48:00,4104.31,4105.68,4104.06,4105.68,2088,2088,0
2026.07.10,07:49:00,4105.68,4105.94,4104.47,4104.94,2142,2142,0
2026.07.10,07:50:00,4105.05,4107.49,4104.78,4107.35,3126,3126,0
2026.07.10,07:51:00,4107.44,4107.56,4106.52,4107.20,2298,2298,0
2026.07.10,07:52:00,4107.22,4107.31,4106.30,4106.40,1812,1812,0
2026.07.10,07:53:00,4106.36,4108.07,4106.27,4107.72,2238,2238,0
2026.07.10,07:54:00,4107.68,4108.36,4107.45,4107.90,2202,2202,0
2026.07.10,07:55:00,4107.98,4109.77,4106.73,4106.77,3315,3315,0
2026.07.10,07:56:00,4106.77,4107.19,4106.30,4106.40,1476,1476,0
2026.07.10,07:57:00,4106.40,4106.90,4105.52,4106.10,1650,1650,0
2026.07.10,07:58:00,4106.16,4108.22,4106.16,4108.19,2154,2154,0
2026.07.10,07:59:00,4108.23,4108.91,4107.85,4108.80,2586,2586,0
2026.07.10,08:00:00,4108.70,4109.35,4105.69,4107.47,4194,4194,0
2026.07.10,08:01:00,4107.47,4107.85,4104.72,4105.40,4443,4443,0
2026.07.10,08:02:00,4105.39,4106.77,4104.80,4104.98,3864,3864,0
2026.07.10,08:03:00,4104.95,4105.85,4103.85,4105.51,2760,2760,0
2026.07.10,08:04:00,4105.55,4106.16,4104.70,4105.18,2298,2298,0
2026.07.10,08:05:00,4105.18,4105.85,4104.48,4105.52,1919,1919,0
2026.07.10,08:06:00,4105.56,4107.65,4105.44,4107.15,2034,2034,0
2026.07.10,08:07:00,4107.27,4107.82,4106.60,4106.86,2196,2196,0
2026.07.10,08:08:00,4106.84,4106.84,4105.56,4105.64,1554,1554,0
2026.07.10,08:09:00,4105.66,4107.31,4105.55,4106.73,2049,2049,0
2026.07.10,08:10:00,4106.85,4107.18,4105.48,4106.07,2538,2538,0
2026.07.10,08:11:00,4106.12,4106.85,4105.95,4106.02,2028,2028,0
2026.07.10,08:12:00,4106.02,4106.60,4105.59,4106.27,2046,2046,0
2026.07.10,08:13:00,4106.34,4106.35,4105.31,4106.16,1734,1734,0
2026.07.10,08:14:00,4106.24,4107.28,4105.55,4107.19,1884,1884,0
2026.07.10,08:15:00,4107.19,4107.56,4106.07,4106.98,2058,2058,0
2026.07.10,08:16:00,4106.91,4107.23,4106.53,4107.15,1848,1848,0
2026.07.10,08:17:00,4107.02,4107.09,4106.26,4106.51,1242,1242,0
2026.07.10,08:18:00,4106.48,4108.31,4106.06,4107.36,2370,2370,0
2026.07.10,08:19:00,4107.36,4107.76,4107.06,4107.52,2112,2112,0
2026.07.10,08:20:00,4107.44,4108.64,4106.68,4107.39,2154,2154,0
2026.07.10,08:21:00,4107.40,4107.56,4106.94,4107.18,1836,1836,0
2026.07.10,08:22:00,4107.02,4107.36,4106.41,4106.57,1968,1968,0
2026.07.10,08:23:00,4106.60,4106.97,4106.27,4106.32,1614,1614,0
2026.07.10,08:24:00,4106.32,4106.61,4104.93,4104.98,2400,2400,0
2026.07.10,08:25:00,4105.03,4105.78,4104.23,4104.55,2394,2394,0
2026.07.10,08:26:00,4104.49,4104.89,4103.78,4104.59,2100,2100,0
2026.07.10,08:27:00,4104.56,4105.02,4103.10,4103.97,2334,2334,0
2026.07.10,08:28:00,4103.97,4105.24,4103.51,4105.07,2640,2640,0
2026.07.10,08:29:00,4105.06,4105.27,4103.43,4104.16,2766,2766,0
2026.07.10,08:30:00,4104.19,4105.53,4103.74,4104.85,2682,2682,0
2026.07.10,08:31:00,4104.89,4105.10,4103.93,4104.73,1833,1833,0
2026.07.10,08:32:00,4104.74,4104.74,4103.52,4103.52,2430,2430,0
2026.07.10,08:33:00,4103.52,4103.81,4102.56,4102.65,2202,2202,0
2026.07.10,08:34:00,4102.73,4103.19,4101.78,4101.91,2550,2550,0
2026.07.10,08:35:00,4101.95,4102.61,4101.39,4102.10,2406,2406,0
2026.07.10,08:36:00,4102.19,4102.20,4100.81,4101.10,1968,1968,0
2026.07.10,08:37:00,4101.16,4101.27,4099.26,4101.01,2442,2442,0
2026.07.10,08:38:00,4101.01,4102.30,4100.88,4101.10,2238,2238,0
2026.07.10,08:39:00,4101.10,4102.90,4101.10,4102.59,1961,1961,0
2026.07.10,08:40:00,4102.60,4102.76,4101.31,4101.43,1602,1602,0
2026.07.10,08:41:00,4101.48,4101.62,4100.82,4101.10,1818,1818,0
2026.07.10,08:42:00,4101.15,4101.20,4099.70,4099.94,2127,2127,0
2026.07.10,08:43:00,4099.90,4102.10,4099.82,4101.45,2184,2184,0
2026.07.10,08:44:00,4101.61,4101.99,4101.20,4101.61,1722,1722,0
2026.07.10,08:45:00,4101.52,4101.68,4099.28,4099.47,1794,1794,0
2026.07.10,08:46:00,4099.57,4099.90,4098.95,4099.19,1866,1866,0
2026.07.10,08:47:00,4099.19,4099.34,4098.30,4098.36,2568,2568,0
2026.07.10,08:48:00,4098.48,4098.65,4096.98,4097.05,2790,2790,0
2026.07.10,08:49:00,4097.02,4097.09,4094.59,4095.57,3288,3288,0
2026.07.10,08:50:00,4095.59,4098.47,4095.49,4097.93,2508,2508,0
2026.07.10,08:51:00,4097.93,4098.24,4096.86,4097.31,1968,1968,0
2026.07.10,08:52:00,4097.38,4097.51,4096.44,4096.62,2181,2181,0
2026.07.10,08:53:00,4096.60,4098.20,4096.40,4097.09,2142,2142,0
2026.07.10,08:54:00,4097.09,4097.51,4096.90,4096.90,1458,1458,0
2026.07.10,08:55:00,4096.40,4097.64,4096.30,4097.28,2460,2460,0
2026.07.10,08:56:00,4097.16,4098.38,4097.16,4098.11,1710,1710,0
2026.07.10,08:57:00,4098.02,4098.02,4095.84,4097.06,2880,2880,0
2026.07.10,08:58:00,4097.03,4097.70,4095.93,4096.15,2229,2229,0
2026.07.10,08:59:00,4096.12,4098.02,4096.12,4097.74,2184,2184,0
2026.07.10,09:00:00,4097.68,4099.26,4097.56,4097.78,3617,3617,0
2026.07.10,09:01:00,4097.76,4098.18,4094.22,4095.07,3999,3999,0
2026.07.10,09:02:00,4095.09,4096.78,4094.89,4096.28,2748,2748,0
2026.07.10,09:03:00,4096.28,4098.39,4096.07,4098.28,2184,2184,0
2026.07.10,09:04:00,4098.16,4100.24,4097.55,4098.27,2676,2676,0
2026.07.10,09:05:00,4098.27,4099.32,4098.11,4099.32,1350,1350,0
2026.07.10,09:06:00,4099.19,4099.19,4098.69,4098.76,1482,1482,0
2026.07.10,09:07:00,4098.78,4099.31,4098.44,4099.12,1278,1278,0
2026.07.10,09:08:00,4099.06,4099.80,4098.88,4098.98,1926,1926,0
2026.07.10,09:09:00,4098.91,4099.66,4098.82,4099.02,2634,2634,0
2026.07.10,09:10:00,4098.98,4099.02,4097.19,4097.61,1956,1956,0
2026.07.10,09:11:00,4097.61,4098.12,4096.69,4096.77,2064,2064,0
2026.07.10,09:12:00,4096.77,4098.26,4096.66,4098.16,1464,1464,0
2026.07.10,09:13:00,4098.28,4099.36,4098.03,4099.34,1734,1734,0
2026.07.10,09:14:00,4099.36,4100.60,4099.24,4100.60,2190,2190,0
2026.07.10,09:15:00,4100.56,4100.59,4099.91,4100.49,2064,2064,0
2026.07.10,09:16:00,4100.49,4101.55,4100.06,4100.77,1776,1776,0
2026.07.10,09:17:00,4100.48,4101.90,4100.23,4101.05,1974,1974,0
2026.07.10,09:18:00,4101.12,4102.10,4101.06,4101.66,1506,1506,0
2026.07.10,09:19:00,4101.70,4102.41,4100.86,4101.28,2202,2202,0
2026.07.10,09:20:00,4101.26,4101.70,4099.73,4099.74,2196,2196,0
2026.07.10,09:21:00,4099.77,4101.69,4099.77,4100.34,2259,2259,0
2026.07.10,09:22:00,4100.31,4101.48,4100.31,4101.19,1434,1434,0
2026.07.10,09:23:00,4101.19,4101.35,4100.73,4101.27,1278,1278,0
2026.07.10,09:24:00,4101.27,4102.02,4101.27,4102.02,1080,1080,0
2026.07.10,09:25:00,4102.02,4102.59,4101.73,4102.59,1278,1278,0
2026.07.10,09:26:00,4102.80,4103.23,4101.60,4103.06,2220,2220,0
2026.07.10,09:27:00,4103.06,4103.23,4101.97,4102.61,1218,1218,0
2026.07.10,09:28:00,4102.60,4102.78,4100.99,4101.03,1491,1491,0
2026.07.10,09:29:00,4101.02,4102.74,4100.22,4102.64,1788,1788,0
2026.07.10,09:30:00,4102.57,4102.57,4100.35,4101.39,2349,2349,0
2026.07.10,09:31:00,4101.39,4102.10,4101.39,4101.89,1476,1476,0
2026.07.10,09:32:00,4102.12,4102.38,4101.49,4102.02,1806,1806,0
2026.07.10,09:33:00,4101.98,4102.68,4101.44,4101.60,1560,1560,0
2026.07.10,09:34:00,4101.53,4101.95,4100.93,4101.73,1386,1386,0
2026.07.10,09:35:00,4101.64,4102.40,4101.14,4101.16,2148,2148,0
2026.07.10,09:36:00,4101.23,4101.27,4099.12,4099.52,1992,1992,0
2026.07.10,09:37:00,4099.56,4100.40,4099.28,4099.56,1706,1706,0
2026.07.10,09:38:00,4099.56,4099.95,4099.07,4099.56,1614,1614,0
2026.07.10,09:39:00,4099.53,4101.30,4098.24,4101.12,2418,2418,0
2026.07.10,09:40:00,4101.28,4102.01,4101.06,4101.28,1440,1440,0
2026.07.10,09:41:00,4101.32,4102.77,4101.22,4102.43,1422,1422,0
2026.07.10,09:42:00,4102.41,4103.24,4102.27,4102.94,1248,1248,0
2026.07.10,09:43:00,4102.94,4103.78,4102.56,4102.56,1806,1806,0
2026.07.10,09:44:00,4102.51,4102.88,4102.14,4102.70,1308,1308,0
2026.07.10,09:45:00,4102.77,4103.56,4102.72,4103.44,1584,1584,0
2026.07.10,09:46:00,4103.44,4103.80,4102.11,4102.18,1644,1644,0
2026.07.10,09:47:00,4102.18,4103.40,4102.18,4103.35,1230,1230,0
2026.07.10,09:48:00,4103.26,4104.16,4103.26,4103.72,1362,1362,0
2026.07.10,09:49:00,4103.76,4103.76,4103.10,4103.40,978,978,0
2026.07.10,09:50:00,4103.40,4103.40,4102.20,4102.43,2241,2241,0
2026.07.10,09:51:00,4102.56,4103.41,4102.24,4103.16,1230,1230,0
2026.07.10,09:52:00,4103.20,4103.31,4102.26,4102.30,2364,2364,0
2026.07.10,09:53:00,4102.32,4102.99,4102.32,4102.86,1494,1494,0
2026.07.10,09:54:00,4102.88,4104.55,4102.72,4104.55,1122,1122,0
2026.07.10,09:55:00,4104.53,4104.59,4103.40,4103.48,1464,1464,0
2026.07.10,09:56:00,4103.52,4104.02,4103.20,4103.60,1200,1200,0
2026.07.10,09:57:00,4103.65,4105.26,4103.65,4104.95,1680,1680,0
2026.07.10,09:58:00,4104.98,4105.22,4104.27,4104.35,2034,2034,0
2026.07.10,09:59:00,4104.35,4104.56,4104.07,4104.15,1560,1560,0
2026.07.10,10:00:00,4104.16,4106.49,4103.91,4106.34,2442,2442,0
2026.07.10,10:01:00,4106.36,4106.48,4105.76,4106.06,2178,2178,0
2026.07.10,10:02:00,4106.02,4106.53,4105.85,4106.35,1308,1308,0
2026.07.10,10:03:00,4106.38,4107.36,4106.38,4106.99,2106,2106,0
2026.07.10,10:04:00,4107.11,4108.34,4106.94,4108.31,1242,1242,0
2026.07.10,10:05:00,4108.23,4108.38,4107.53,4107.85,1896,1896,0
2026.07.10,10:06:00,4107.98,4108.02,4106.02,4106.20,1739,1739,0
2026.07.10,10:07:00,4106.31,4106.89,4106.22,4106.85,1296,1296,0
2026.07.10,10:08:00,4106.85,4106.85,4105.44,4106.27,1896,1896,0
2026.07.10,10:09:00,4106.23,4106.48,4105.91,4106.15,1494,1494,0
2026.07.10,10:10:00,4106.07,4106.99,4105.94,4106.45,1626,1626,0
2026.07.10,10:11:00,4106.43,4106.94,4105.66,4105.86,1416,1416,0
2026.07.10,10:12:00,4105.98,4108.05,4105.95,4106.43,1545,1545,0
2026.07.10,10:13:00,4106.36,4107.15,4105.85,4106.35,1722,1722,0
2026.07.10,10:14:00,4106.30,4106.52,4105.89,4106.16,912,912,0
2026.07.10,10:15:00,4106.23,4106.60,4106.22,4106.35,714,714,0
2026.07.10,10:16:00,4106.28,4107.27,4106.15,4106.48,1254,1254,0
2026.07.10,10:17:00,4106.48,4106.98,4106.19,4106.81,1158,1158,0
2026.07.10,10:18:00,4106.86,4107.98,4106.26,4106.28,1518,1518,0
2026.07.10,10:19:00,4106.32,4107.06,4106.06,4107.02,1950,1950,0
2026.07.10,10:20:00,4107.05,4107.72,4107.01,4107.16,1566,1566,0
2026.07.10,10:21:00,4107.19,4107.32,4106.69,4107.10,1404,1404,0
2026.07.10,10:22:00,4107.12,4109.23,4107.10,4109.19,2169,2169,0
2026.07.10,10:23:00,4109.24,4110.45,4109.02,4109.90,2100,2100,0
2026.07.10,10:24:00,4109.88,4112.48,4109.85,4110.91,4278,4278,0
2026.07.10,10:25:00,4111.09,4111.22,4107.70,4108.34,4152,4152,0
2026.07.10,10:26:00,4108.16,4109.09,4107.89,4108.65,2046,2046,0
2026.07.10,10:27:00,4108.65,4109.19,4108.06,4108.94,1062,1062,0
2026.07.10,10:28:00,4108.98,4109.19,4108.27,4108.99,1356,1356,0
2026.07.10,10:29:00,4109.02,4109.69,4108.90,4109.35,1332,1332,0
2026.07.10,10:30:00,4109.31,4110.40,4109.31,4109.85,1919,1919,0
2026.07.10,10:31:00,4109.82,4110.16,4108.73,4108.97,1620,1620,0
2026.07.10,10:32:00,4108.98,4109.10,4107.80,4107.80,1464,1464,0
2026.07.10,10:33:00,4107.90,4107.97,4106.02,4106.55,1974,1974,0
2026.07.10,10:34:00,4106.56,4106.76,4106.22,4106.65,1830,1830,0
2026.07.10,10:35:00,4106.69,4107.64,4106.27,4107.41,1530,1530,0
2026.07.10,10:36:00,4107.45,4108.49,4107.45,4108.44,1368,1368,0
2026.07.10,10:37:00,4108.40,4108.77,4108.10,4108.60,1344,1344,0
2026.07.10,10:38:00,4108.62,4108.89,4108.22,4108.23,1536,1536,0
2026.07.10,10:39:00,4108.26,4108.64,4107.82,4107.88,2202,2202,0
2026.07.10,10:40:00,4107.98,4108.07,4106.99,4107.07,2184,2184,0
2026.07.10,10:41:00,4107.11,4107.52,4106.93,4107.48,1380,1380,0
2026.07.10,10:42:00,4107.51,4108.44,4107.48,4108.30,1140,1140,0
2026.07.10,10:43:00,4108.24,4108.27,4107.73,4107.85,1134,1134,0
2026.07.10,10:44:00,4107.89,4108.94,4107.89,4108.94,1296,1296,0
2026.07.10,10:45:00,4108.94,4108.95,4107.69,4107.74,2184,2184,0
2026.07.10,10:46:00,4107.68,4107.77,4106.99,4107.01,1697,1697,0
2026.07.10,10:47:00,4107.15,4107.65,4106.66,4107.30,1518,1518,0
2026.07.10,10:48:00,4107.30,4108.40,4106.86,4108.22,1422,1422,0
2026.07.10,10:49:00,4108.23,4108.56,4106.91,4107.03,1422,1422,0
2026.07.10,10:50:00,4107.14,4107.73,4106.56,4107.64,1227,1227,0
2026.07.10,10:51:00,4107.60,4108.12,4106.69,4107.89,2040,2040,0
2026.07.10,10:52:00,4107.93,4107.97,4107.23,4107.65,1392,1392,0
2026.07.10,10:53:00,4107.65,4108.68,4107.49,4108.31,1446,1446,0
2026.07.10,10:54:00,4108.35,4108.73,4107.85,4108.22,1602,1602,0
2026.07.10,10:55:00,4108.19,4108.39,4107.53,4107.91,1506,1506,0
2026.07.10,10:56:00,4107.94,4108.05,4106.81,4106.81,1824,1824,0
2026.07.10,10:57:00,4106.93,4106.93,4105.48,4105.73,2238,2238,0
2026.07.10,10:58:00,4105.90,4106.60,4105.65,4105.73,2034,2034,0
2026.07.10,10:59:00,4105.73,4106.09,4104.18,4104.40,2160,2160,0
2026.07.10,11:00:00,4104.40,4107.15,4104.23,4106.93,4092,4092,0
2026.07.10,11:01:00,4106.89,4107.38,4105.36,4105.97,2478,2478,0
2026.07.10,11:02:00,4105.99,4107.60,4105.91,4107.22,2268,2268,0
2026.07.10,11:03:00,4107.19,4108.06,4106.94,4107.68,1362,1362,0
2026.07.10,11:04:00,4107.76,4108.05,4106.68,4106.68,1440,1440,0
2026.07.10,11:05:00,4106.73,4107.02,4105.61,4105.98,1961,1961,0
2026.07.10,11:06:00,4105.99,4106.90,4105.77,4105.90,1098,1098,0
2026.07.10,11:07:00,4105.90,4106.60,4105.65,4105.73,1110,1110,0
2026.07.10,11:08:00,4105.76,4105.76,4104.57,4104.90,1590,1590,0
2026.07.10,11:09:00,4104.97,4105.68,4104.35,4105.65,1374,1374,0
2026.07.10,11:10:00,4105.77,4106.85,4105.60,4106.85,1326,1326,0
2026.07.10,11:11:00,4106.82,4107.73,4106.53,4107.49,1410,1410,0
2026.07.10,11:12:00,4107.53,4107.62,4106.95,4106.99,1128,1128,0
2026.07.10,11:13:00,4106.98,4107.02,4106.34,4106.85,732,732,0
2026.07.10,11:14:00,4106.85,4106.85,4105.85,4106.14,1494,1494,0
2026.07.10,11:15:00,4106.10,4106.76,4106.07,4106.23,1602,1602,0
2026.07.10,11:16:00,4106.24,4107.60,4106.19,4107.02,1338,1338,0
2026.07.10,11:17:00,4107.06,4107.10,4105.98,4106.53,1668,1668,0
2026.07.10,11:18:00,4106.49,4107.06,4106.40,4107.01,1170,1170,0
2026.07.10,11:19:00,4107.15,4107.19,4106.45,4106.81,1919,1919,0
2026.07.10,11:20:00,4106.81,4107.70,4106.16,4106.64,1278,1278,0
2026.07.10,11:21:00,4106.59,4106.90,4106.27,4106.32,1110,1110,0
2026.07.10,11:22:00,4106.35,4106.60,4105.48,4105.48,1074,1074,0
2026.07.10,11:23:00,4105.44,4106.73,4105.24,4106.49,1194,1194,0
2026.07.10,11:24:00,4106.48,4107.64,4106.48,4107.64,1272,1272,0
2026.07.10,11:25:00,4107.57,4107.97,4105.27,4105.40,2112,2112,0
2026.07.10,11:26:00,4105.40,4105.48,4104.23,4104.31,3066,3066,0
2026.07.10,11:27:00,4104.36,4104.40,4102.65,4102.91,2808,2808,0
2026.07.10,11:28:00,4103.05,4103.39,4102.30,4102.81,3264,3264,0
2026.07.10,11:29:00,4102.85,4103.05,4099.85,4099.88,4007,4007,0
2026.07.10,11:30:00,4099.85,4101.88,4098.73,4101.88,3717,3717,0
2026.07.10,11:31:00,4101.86,4102.91,4101.81,4101.82,2538,2538,0
2026.07.10,11:32:00,4101.82,4103.39,4101.65,4102.56,2544,2544,0
2026.07.10,11:33:00,4102.59,4103.03,4099.52,4099.66,2340,2340,0
2026.07.10,11:34:00,4099.68,4099.94,4098.44,4099.07,2544,2544,0
2026.07.10,11:35:00,4099.05,4099.69,4098.39,4098.98,2412,2412,0
2026.07.10,11:36:00,4098.93,4099.11,4097.51,4097.89,2304,2304,0
2026.07.10,11:37:00,4097.85,4098.52,4097.80,4098.49,1884,1884,0
2026.07.10,11:38:00,4098.28,4098.62,4095.88,4096.59,2592,2592,0
2026.07.10,11:39:00,4096.56,4098.60,4096.56,4097.73,2532,2532,0
2026.07.10,11:40:00,4097.74,4099.59,4097.70,4099.52,2166,2166,0
2026.07.10,11:41:00,4099.52,4100.77,4099.06,4100.77,2502,2502,0
2026.07.10,11:42:00,4100.73,4104.65,4100.73,4104.45,3288,3288,0
2026.07.10,11:43:00,4104.45,4105.14,4104.27,4105.12,2370,2370,0
2026.07.10,11:44:00,4105.12,4107.44,4104.82,4106.52,1950,1950,0
2026.07.10,11:45:00,4106.28,4107.15,4105.78,4107.09,2250,2250,0
2026.07.10,11:46:00,4107.07,4107.15,4105.89,4106.31,1655,1655,0
2026.07.10,11:47:00,4106.30,4107.60,4105.89,4106.77,1854,1854,0
2026.07.10,11:48:00,4106.69,4107.65,4106.24,4107.24,1434,1434,0
2026.07.10,11:49:00,4107.24,4107.28,4105.60,4105.62,1206,1206,0
2026.07.10,11:50:00,4105.60,4106.77,4105.47,4106.77,1992,1992,0
2026.07.10,11:51:00,4106.73,4107.77,4106.31,4107.52,2532,2532,0
2026.07.10,11:52:00,4107.51,4107.81,4106.06,4106.52,1650,1650,0
2026.07.10,11:53:00,4106.52,4106.94,4106.15,4106.15,1200,1200,0
2026.07.10,11:54:00,4106.18,4106.48,4105.09,4105.10,2274,2274,0
2026.07.10,11:55:00,4105.15,4105.15,4104.34,4104.86,2154,2154,0
2026.07.10,11:56:00,4104.90,4105.05,4102.81,4103.40,2565,2565,0
2026.07.10,11:57:00,4103.38,4103.56,4102.89,4103.06,2160,2160,0
2026.07.10,11:58:00,4102.98,4102.98,4101.94,4102.10,1914,1914,0
2026.07.10,11:59:00,4102.10,4102.39,4101.94,4102.16,2160,2160,0
2026.07.10,12:00:00,4102.20,4103.27,4101.40,4102.24,4302,4302,0
2026.07.10,12:01:00,4102.23,4103.52,4101.40,4103.27,2664,2664,0
2026.07.10,12:02:00,4103.27,4103.65,4102.10,4102.27,2868,2868,0
2026.07.10,12:03:00,4102.27,4103.48,4102.07,4102.56,2274,2274,0
2026.07.10,12:04:00,4102.56,4103.34,4102.39,4102.39,2220,2220,0
2026.07.10,12:05:00,4102.32,4102.77,4100.77,4102.60,2826,2826,0
2026.07.10,12:06:00,4102.57,4103.27,4102.09,4102.44,2340,2340,0
2026.07.10,12:07:00,4102.47,4102.56,4101.18,4101.82,3792,3792,0
2026.07.10,12:08:00,4101.78,4101.86,4100.95,4101.60,2292,2292,0
2026.07.10,12:09:00,4101.93,4103.89,4101.93,4103.74,3372,3372,0
2026.07.10,12:10:00,4103.73,4103.89,4103.01,4103.80,2724,2724,0
2026.07.10,12:11:00,4103.80,4104.40,4103.28,4103.72,1566,1566,0
2026.07.10,12:12:00,4103.69,4104.73,4103.48,4103.94,2910,2910,0
2026.07.10,12:13:00,4103.97,4117.44,4102.40,4115.61,4428,4428,0
2026.07.10,12:14:00,4115.02,4116.10,4110.86,4114.77,6339,6339,0
2026.07.10,12:15:00,4115.02,4116.27,4110.59,4111.27,5352,5352,0
2026.07.10,12:16:00,4111.15,4112.62,4107.68,4107.70,4512,4512,0
2026.07.10,12:17:00,4107.66,4112.24,4107.65,4111.77,4158,4158,0
2026.07.10,12:18:00,4111.91,4112.41,4110.36,4112.41,4239,4239,0
2026.07.10,12:19:00,4112.39,4112.41,4108.24,4109.01,3288,3288,0
2026.07.10,12:20:00,4108.80,4109.69,4107.32,4109.31,3972,3972,0
2026.07.10,12:21:00,4109.34,4110.80,4106.93,4107.26,3708,3708,0
2026.07.10,12:22:00,4107.11,4108.19,4106.20,4107.36,3054,3054,0
2026.07.10,12:23:00,4107.31,4107.39,4105.32,4106.27,3030,3030,0
2026.07.10,12:24:00,4106.52,4108.16,4106.44,4106.89,2712,2712,0
2026.07.10,12:25:00,4106.82,4107.12,4105.41,4106.48,3888,3888,0
2026.07.10,12:26:00,4106.44,4107.06,4104.73,4106.45,2880,2880,0
2026.07.10,12:27:00,4106.49,4106.70,4103.15,4103.56,3546,3546,0
2026.07.10,12:28:00,4103.56,4104.65,4103.31,4104.41,2166,2166,0
2026.07.10,12:29:00,4104.24,4106.02,4104.14,4105.93,1908,1908,0
2026.07.10,12:30:00,4106.23,4106.90,4104.59,4104.86,4872,4872,0
2026.07.10,12:31:00,4104.78,4105.23,4102.93,4104.88,3737,3737,0
2026.07.10,12:32:00,4104.88,4106.85,4103.70,4103.94,3072,3072,0
2026.07.10,12:33:00,4103.94,4104.64,4102.64,4102.77,2976,2976,0
2026.07.10,12:34:00,4102.74,4103.55,4101.52,4101.74,3462,3462,0
2026.07.10,12:35:00,4102.03,4102.65,4100.15,4100.48,4275,4275,0
2026.07.10,12:36:00,4100.48,4100.48,4097.68,4098.82,3918,3918,0
2026.07.10,12:37:00,4098.78,4099.27,4097.40,4098.59,3654,3654,0
2026.07.10,12:38:00,4098.55,4100.64,4098.32,4100.57,3701,3701,0
2026.07.10,12:39:00,4100.57,4102.19,4100.23,4101.18,3786,3786,0
2026.07.10,12:40:00,4101.18,4102.31,4100.65,4100.65,3318,3318,0
2026.07.10,12:41:00,4100.56,4100.73,4099.15,4099.81,2721,2721,0
2026.07.10,12:42:00,4099.76,4100.65,4098.86,4099.34,2574,2574,0
2026.07.10,12:43:00,4099.32,4099.81,4098.41,4099.23,2754,2754,0
2026.07.10,12:44:00,4099.23,4100.22,4098.11,4098.11,3117,3117,0
2026.07.10,12:45:00,4097.91,4100.81,4097.62,4100.72,2880,2880,0
2026.07.10,12:46:00,4100.73,4100.74,4099.52,4099.70,2184,2184,0
2026.07.10,12:47:00,4099.82,4101.72,4099.09,4101.48,2718,2718,0
2026.07.10,12:48:00,4101.57,4102.48,4101.41,4101.60,2484,2484,0
2026.07.10,12:49:00,4101.36,4102.59,4101.15,4101.41,2622,2622,0
2026.07.10,12:50:00,4101.62,4102.95,4101.40,4102.95,2214,2214,0
2026.07.10,12:51:00,4102.97,4104.18,4102.76,4104.18,2538,2538,0
2026.07.10,12:52:00,4104.23,4104.85,4101.90,4102.10,2622,2622,0
2026.07.10,12:53:00,4102.11,4102.34,4100.59,4100.81,2148,2148,0
2026.07.10,12:54:00,4100.80,4100.95,4099.76,4100.19,2016,2016,0
2026.07.10,12:55:00,4100.23,4100.81,4099.84,4100.01,2658,2658,0
2026.07.10,12:56:00,4100.10,4100.22,4098.99,4099.44,2466,2466,0
2026.07.10,12:57:00,4099.48,4099.95,4099.15,4099.73,2304,2304,0
2026.07.10,12:58:00,4099.73,4101.64,4099.60,4101.64,3138,3138,0
2026.07.10,12:59:00,4101.65,4101.85,4100.53,4100.53,3096,3096,0
2026.07.10,13:00:00,4100.81,4103.34,4098.74,4102.15,10392,10392,0
2026.07.10,13:01:00,4102.10,4104.99,4101.94,4104.73,4890,4890,0
2026.07.10,13:02:00,4104.65,4104.99,4103.31,4103.44,2976,2976,0
2026.07.10,13:03:00,4103.48,4103.49,4099.60,4099.60,3420,3420,0
2026.07.10,13:04:00,4099.51,4100.76,4098.48,4100.62,3768,3768,0
2026.07.10,13:05:00,4100.51,4101.59,4099.99,4101.52,2664,2664,0
2026.07.10,13:06:00,4101.48,4103.62,4100.16,4103.62,2898,2898,0
2026.07.10,13:07:00,4103.65,4103.93,4102.02,4103.34,3012,3012,0
2026.07.10,13:08:00,4103.47,4104.32,4103.01,4103.81,3581,3581,0
2026.07.10,13:09:00,4103.81,4106.10,4103.45,4105.55,3156,3156,0
2026.07.10,13:10:00,4105.43,4105.43,4102.45,4102.59,3978,3978,0
2026.07.10,13:11:00,4102.60,4102.60,4101.28,4102.41,2898,2898,0
2026.07.10,13:12:00,4102.34,4103.23,4102.02,4102.74,2250,2250,0
2026.07.10,13:13:00,4102.70,4105.24,4102.60,4105.19,2880,2880,0
2026.07.10,13:14:00,4105.20,4105.22,4103.91,4104.10,2958,2958,0
2026.07.10,13:15:00,4104.23,4106.48,4103.81,4106.28,3042,3042,0
2026.07.10,13:16:00,4106.28,4106.47,4104.69,4105.09,3150,3150,0
2026.07.10,13:17:00,4105.12,4105.31,4102.27,4102.61,2940,2940,0
2026.07.10,13:18:00,4102.64,4103.02,4100.26,4100.85,2928,2928,0
2026.07.10,13:19:00,4100.77,4102.69,4100.77,4101.94,2988,2988,0
2026.07.10,13:20:00,4101.97,4102.94,4101.52,4101.60,2478,2478,0
2026.07.10,13:21:00,4101.55,4102.44,4100.97,4101.31,2442,2442,0
2026.07.10,13:22:00,4101.40,4101.48,4099.76,4099.82,2652,2652,0
2026.07.10,13:23:00,4099.81,4099.81,4098.24,4099.23,3198,3198,0
2026.07.10,13:24:00,4099.22,4099.23,4095.91,4096.77,3395,3395,0
2026.07.10,13:25:00,4096.82,4097.97,4096.24,4097.47,4308,4308,0
2026.07.10,13:26:00,4097.70,4097.77,4095.47,4095.66,3798,3798,0
2026.07.10,13:27:00,4095.61,4095.61,4088.30,4088.45,5454,5454,0
2026.07.10,13:28:00,4088.53,4090.57,4087.95,4090.14,5313,5313,0
2026.07.10,13:29:00,4090.30,4091.03,4085.34,4087.18,5667,5667,0
2026.07.10,13:30:00,4087.47,4091.89,4086.78,4089.78,7872,7872,0
2026.07.10,13:31:00,4089.76,4096.91,4089.53,4096.19,6759,6759,0
2026.07.10,13:32:00,4096.26,4096.70,4091.47,4091.49,5667,5667,0
2026.07.10,13:33:00,4091.61,4092.11,4088.18,4088.93,5472,5472,0
2026.07.10,13:34:00,4088.89,4090.05,4088.18,4089.64,4380,4380,0
2026.07.10,13:35:00,4089.66,4091.32,4087.64,4087.97,4671,4671,0
2026.07.10,13:36:00,4087.93,4091.16,4087.59,4091.01,4557,4557,0
2026.07.10,13:37:00,4090.99,4094.01,4090.99,4093.16,5478,5478,0
2026.07.10,13:38:00,4093.11,4095.30,4092.99,4095.01,5274,5274,0
2026.07.10,13:39:00,4094.95,4097.27,4094.18,4097.27,5127,5127,0
2026.07.10,13:40:00,4097.16,4098.12,4095.39,4097.73,6204,6204,0
2026.07.10,13:41:00,4097.73,4099.85,4097.41,4098.49,5601,5601,0
2026.07.10,13:42:00,4098.49,4101.12,4098.35,4099.88,5598,5598,0
2026.07.10,13:43:00,4099.81,4102.41,4098.72,4102.02,5019,5019,0
2026.07.10,13:44:00,4102.02,4102.10,4098.10,4098.22,5322,5322,0
2026.07.10,13:45:00,4098.27,4099.86,4097.07,4097.73,5370,5370,0
2026.07.10,13:46:00,4097.95,4101.44,4097.72,4100.07,5766,5766,0
2026.07.10,13:47:00,4100.03,4101.77,4099.77,4100.02,5106,5106,0
2026.07.10,13:48:00,4100.06,4100.70,4098.34,4099.73,4818,4818,0
2026.07.10,13:49:00,4099.80,4102.12,4099.38,4101.19,4338,4338,0
2026.07.10,13:50:00,4101.20,4102.73,4100.20,4101.89,4566,4566,0
2026.07.10,13:51:00,4101.88,4102.76,4101.49,4102.55,4617,4617,0
2026.07.10,13:52:00,4102.57,4105.06,4102.48,4103.69,5076,5076,0
2026.07.10,13:53:00,4103.59,4105.31,4103.19,4104.48,4176,4176,0
2026.07.10,13:54:00,4104.56,4104.77,4102.06,4102.78,4422,4422,0
2026.07.10,13:55:00,4102.81,4102.81,4099.98,4100.59,4968,4968,0
2026.07.10,13:56:00,4100.55,4101.23,4099.56,4099.57,4362,4362,0
2026.07.10,13:57:00,4099.57,4099.80,4098.14,4099.02,4920,4920,0
2026.07.10,13:58:00,4098.93,4099.94,4098.52,4098.56,3918,3918,0
2026.07.10,13:59:00,4098.52,4100.32,4098.44,4099.73,3642,3642,0
2026.07.10,14:00:00,4099.76,4100.34,4097.56,4098.05,5013,5013,0
2026.07.10,14:01:00,4098.15,4100.05,4097.44,4099.06,5562,5562,0
2026.07.10,14:02:00,4099.23,4101.68,4099.15,4099.80,5022,5022,0
2026.07.10,14:03:00,4099.73,4101.26,4098.99,4100.85,4761,4761,0
2026.07.10,14:04:00,4100.85,4101.52,4099.98,4100.82,3630,3630,0
2026.07.10,14:05:00,4100.73,4102.89,4099.73,4102.27,4056,4056,0
2026.07.10,14:06:00,4102.30,4102.78,4100.23,4100.88,4425,4425,0
2026.07.10,14:07:00,4100.88,4102.74,4100.65,4102.48,4584,4584,0
2026.07.10,14:08:00,4102.45,4102.88,4099.31,4100.69,4824,4824,0
2026.07.10,14:09:00,4100.66,4100.95,4099.64,4100.23,3701,3701,0
2026.07.10,14:10:00,4100.28,4102.10,4100.23,4101.52,4314,4314,0
2026.07.10,14:11:00,4101.60,4101.91,4098.77,4099.28,4656,4656,0
2026.07.10,14:12:00,4099.32,4101.74,4097.98,4101.38,5079,5079,0
2026.07.10,14:13:00,4101.34,4103.35,4100.39,4102.84,4272,4272,0
2026.07.10,14:14:00,4102.84,4103.12,4098.77,4099.90,4812,4812,0
2026.07.10,14:15:00,4099.90,4100.60,4098.15,4099.81,5352,5352,0
2026.07.10,14:16:00,4099.77,4100.43,4098.26,4098.61,4764,4764,0
2026.07.10,14:17:00,4098.64,4100.30,4097.30,4099.24,4545,4545,0
2026.07.10,14:18:00,4099.35,4102.43,4099.10,4101.60,4752,4752,0
2026.07.10,14:19:00,4101.52,4105.15,4100.44,4104.05,4614,4614,0
2026.07.10,14:20:00,4104.12,4105.26,4103.81,4105.06,4359,4359,0
2026.07.10,14:21:00,4105.06,4107.52,4104.27,4106.11,4353,4353,0
2026.07.10,14:22:00,4106.10,4106.65,4104.69,4106.51,3801,3801,0
2026.07.10,14:23:00,4106.45,4106.69,4103.84,4104.56,3948,3948,0
2026.07.10,14:24:00,4104.53,4104.60,4102.15,4102.61,3735,3735,0
2026.07.10,14:25:00,4102.55,4102.64,4100.35,4102.39,3762,3762,0
2026.07.10,14:26:00,4102.35,4106.73,4101.86,4105.98,3921,3921,0
2026.07.10,14:27:00,4106.09,4106.15,4104.18,4105.90,3173,3173,0
2026.07.10,14:28:00,4105.88,4107.97,4104.97,4107.24,2856,2856,0
2026.07.10,14:29:00,4107.30,4109.02,4105.10,4105.15,4227,4227,0
2026.07.10,14:30:00,4105.24,4106.68,4104.45,4105.07,3905,3905,0
2026.07.10,14:31:00,4105.06,4106.06,4104.72,4105.48,2940,2940,0
2026.07.10,14:32:00,4105.48,4107.69,4087.24,4087.30,4758,4758,0
2026.07.10,14:33:00,4087.75,4090.45,4072.59,4087.28,12690,12690,0
2026.07.10,14:34:00,4087.36,4093.16,4085.12,4089.62,9816,9816,0
2026.07.10,14:35:00,4089.86,4093.03,4087.14,4088.82,5793,5793,0
2026.07.10,14:36:00,4088.78,4095.34,4087.93,4094.34,5184,5184,0
2026.07.10,14:37:00,4094.28,4094.39,4090.32,4093.03,4818,4818,0
2026.07.10,14:38:00,4093.05,4097.01,4091.72,4094.14,4419,4419,0
2026.07.10,14:39:00,4094.05,4095.68,4092.62,4095.32,4167,4167,0
2026.07.10,14:40:00,4095.30,4098.18,4094.76,4097.36,4059,4059,0
2026.07.10,14:41:00,4097.35,4097.73,4095.20,4095.99,4068,4068,0
2026.07.10,14:42:00,4095.86,4100.44,4095.86,4098.78,4230,4230,0
2026.07.10,14:43:00,4098.65,4100.40,4097.48,4100.14,3690,3690,0
2026.07.10,14:44:00,4100.10,4101.34,4098.69,4098.94,3393,3393,0
2026.07.10,14:45:00,4098.85,4100.72,4098.34,4100.10,3384,3384,0
2026.07.10,14:46:00,4100.14,4102.94,4099.77,4101.23,3087,3087,0
2026.07.10,14:47:00,4101.27,4102.52,4099.66,4102.06,2880,2880,0
2026.07.10,14:48:00,4102.09,4105.10,4101.61,4103.43,3393,3393,0
2026.07.10,14:49:00,4103.44,4107.64,4103.40,4107.15,3411,3411,0
2026.07.10,14:50:00,4107.35,4107.35,4105.01,4105.02,3654,3654,0
2026.07.10,14:51:00,4104.97,4105.48,4102.85,4102.85,3774,3774,0
2026.07.10,14:52:00,4102.90,4103.15,4100.68,4101.15,3654,3654,0
2026.07.10,14:53:00,4101.16,4101.86,4100.06,4100.73,3576,3576,0
2026.07.10,14:54:00,4100.90,4101.89,4100.69,4101.31,3108,3108,0
2026.07.10,14:55:00,4101.23,4101.94,4097.93,4098.44,4317,4317,0
2026.07.10,14:56:00,4098.38,4098.44,4094.39,4094.89,5295,5295,0
2026.07.10,14:57:00,4094.72,4095.51,4091.36,4092.24,4848,4848,0
2026.07.10,14:58:00,4092.36,4093.76,4091.41,4093.34,4152,4152,0
2026.07.10,14:59:00,4093.14,4093.30,4091.59,4092.74,3231,3231,0
2026.07.10,15:00:00,4093.18,4097.14,4091.26,4096.11,5337,5337,0
2026.07.10,15:01:00,4096.06,4097.69,4095.72,4096.76,4077,4077,0
2026.07.10,15:02:00,4096.73,4098.69,4094.74,4097.16,3617,3617,0
2026.07.10,15:03:00,4097.19,4099.02,4097.15,4098.45,3774,3774,0
2026.07.10,15:04:00,4098.52,4098.52,4095.86,4097.27,3372,3372,0
2026.07.10,15:05:00,4097.30,4098.40,4096.01,4096.52,3692,3692,0
2026.07.10,15:06:00,4096.56,4099.18,4095.95,4098.74,3327,3327,0
2026.07.10,15:07:00,4098.76,4099.12,4098.12,4098.70,3315,3315,0
2026.07.10,15:08:00,4098.66,4099.02,4096.40,4098.85,3240,3240,0
2026.07.10,15:09:00,4098.97,4100.32,4097.93,4098.45,3234,3234,0
2026.07.10,15:10:00,4098.40,4100.18,4098.35,4098.73,3153,3153,0
2026.07.10,15:11:00,4098.69,4099.09,4097.45,4098.56,2979,2979,0
2026.07.10,15:12:00,4098.61,4099.77,4097.41,4099.34,3225,3225,0
2026.07.10,15:13:00,4099.40,4100.76,4099.02,4099.97,2664,2664,0
2026.07.10,15:14:00,4100.01,4100.11,4096.85,4097.31,3000,3000,0
2026.07.10,15:15:00,4097.36,4100.12,4097.22,4100.11,3456,3456,0
2026.07.10,15:16:00,4100.15,4103.43,4099.99,4102.49,4257,4257,0
2026.07.10,15:17:00,4102.52,4102.85,4100.38,4100.59,3180,3180,0
2026.07.10,15:18:00,4100.68,4100.73,4098.27,4099.11,2862,2862,0
2026.07.10,15:19:00,4099.14,4099.70,4097.88,4099.66,2868,2868,0
2026.07.10,15:20:00,4099.72,4100.39,4098.77,4100.39,3093,3093,0
2026.07.10,15:21:00,4100.22,4102.26,4100.22,4100.56,3033,3033,0
2026.07.10,15:22:00,4100.65,4102.10,4100.56,4101.56,2625,2625,0
2026.07.10,15:23:00,4101.52,4106.66,4101.41,4105.98,3951,3951,0
2026.07.10,15:24:00,4105.90,4106.06,4104.73,4105.53,3009,3009,0
2026.07.10,15:25:00,4105.38,4107.44,4104.73,4106.36,3497,3497,0
2026.07.10,15:26:00,4106.45,4107.36,4104.89,4104.99,3063,3063,0
2026.07.10,15:27:00,4105.02,4105.02,4102.27,4102.76,3351,3351,0
2026.07.10,15:28:00,4102.73,4102.99,4100.69,4100.81,3564,3564,0
2026.07.10,15:29:00,4100.81,4101.85,4100.18,4101.85,2739,2739,0
2026.07.10,15:30:00,4101.94,4103.16,4101.81,4102.38,3282,3282,0
2026.07.10,15:31:00,4102.68,4103.23,4101.48,4102.44,3027,3027,0
2026.07.10,15:32:00,4102.40,4103.53,4102.22,4102.32,2793,2793,0
2026.07.10,15:33:00,4102.30,4102.89,4101.01,4101.89,2715,2715,0
2026.07.10,15:34:00,4101.93,4103.24,4101.20,4103.20,3579,3579,0
2026.07.10,15:35:00,4103.23,4103.48,4101.26,4102.35,3912,3912,0
2026.07.10,15:36:00,4102.39,4103.34,4101.94,4102.82,3417,3417,0
2026.07.10,15:37:00,4102.81,4104.90,4102.45,4104.60,3648,3648,0
2026.07.10,15:38:00,4104.68,4105.48,4104.47,4104.98,3413,3413,0
2026.07.10,15:39:00,4104.99,4106.10,4103.56,4105.93,3132,3132,0
2026.07.10,15:40:00,4105.97,4106.19,4104.55,4105.88,3528,3528,0
2026.07.10,15:41:00,4105.94,4106.40,4104.72,4105.35,3390,3390,0
2026.07.10,15:42:00,4105.31,4105.39,4103.44,4103.81,3996,3996,0
2026.07.10,15:43:00,4103.82,4105.01,4103.59,4104.40,3798,3798,0
2026.07.10,15:44:00,4104.39,4106.81,4104.12,4106.05,3636,3636,0
2026.07.10,15:45:00,4106.19,4106.80,4105.40,4106.31,3807,3807,0
2026.07.10,15:46:00,4106.38,4107.90,4106.11,4106.39,3360,3360,0
2026.07.10,15:47:00,4106.34,4107.88,4105.89,4107.74,2685,2685,0
2026.07.10,15:48:00,4107.85,4109.41,4107.35,4109.40,3195,3195,0
2026.07.10,15:49:00,4109.39,4110.44,4109.30,4109.60,3129,3129,0
2026.07.10,15:50:00,4109.70,4110.15,4108.20,4109.16,2733,2733,0
